batch_id,production_date,equipment_id,shift,sequence,material_lot,feed_ratio,raw_property,temperature,pressure,feed_rate,reaction_time,vacuum,energy_kwh_per_ton,viscosity,particle_size,quality_value,yield_pct,quality_flag,dq_missing_count,dq_outlier_count,dq_review_flag
B0001,2026-01-01,EQ_A,DAY,1,M01,1.0075,99.52,182.91,2.369,103.91,60.95,0.837,239.06,420.4,17.92,99.97,95.88,NG,0,0,PASS
B0002,2026-01-01,EQ_C,SWING,2,M11,1.0039,100.26,181.76,2.312,104.21,58.93,0.809,243.19,409.6,18.66,100.11,95.06,OK,0,0,PASS
B0003,2026-01-01,EQ_C,NIGHT,3,M01,0.9918,98.62,179.00,2.205,103.44,58.66,0.858,238.72,397.0,17.79,99.84,95.65,OK,0,0,PASS
B0004,2026-01-02,EQ_A,DAY,4,M01,0.9938,98.78,185.81,2.487,96.58,61.48,0.827,240.43,409.2,17.39,99.41,96.42,NG,0,1,REVIEW
B0005,2026-01-02,EQ_C,SWING,5,M01,0.9869,99.19,181.93,2.398,103.63,60.84,0.772,234.31,409.0,17.84,99.80,97.50,OK,0,0,PASS
B0006,2026-01-02,EQ_B,NIGHT,6,M01,1.0051,99.02,182.97,2.231,98.45,63.04,0.819,245.86,413.4,18.65,99.78,96.39,OK,0,0,PASS
B0007,2026-01-03,EQ_C,DAY,7,M01,1.0103,99.21,180.90,2.226,100.88,60.78,0.769,237.12,414.1,18.35,98.91,95.55,OK,0,0,PASS
B0008,2026-01-03,EQ_B,SWING,8,M01,0.9904,99.55,179.23,2.218,104.81,61.60,0.803,248.69,420.2,17.82,99.88,96.83,OK,0,0,PASS
B0009,2026-01-03,EQ_B,NIGHT,9,M01,0.9978,99.60,181.37,2.293,95.00,60.13,0.849,243.16,409.2,18.10,100.22,96.57,OK,0,0,PASS
B0010,2026-01-04,EQ_B,DAY,10,M01,0.9979,98.64,183.19,2.322,100.24,63.84,0.744,250.51,418.6,17.43,98.97,95.46,OK,0,0,PASS
B0011,2026-01-04,EQ_C,SWING,11,M01,0.9916,98.86,179.40,2.149,110.02,53.80,0.796,236.61,393.4,16.88,98.78,97.70,OK,0,0,PASS
B0012,2026-01-04,EQ_A,NIGHT,12,M01,0.9849,99.68,178.69,2.373,99.58,58.17,0.801,229.54,405.5,18.55,99.52,96.52,OK,0,0,PASS
B0013,2026-01-05,EQ_C,DAY,13,M01,1.0097,100.03,182.53,2.408,95.17,63.11,0.803,239.49,435.6,18.60,99.37,96.45,OK,0,0,PASS
B0014,2026-01-05,EQ_C,SWING,14,M01,1.0029,98.47,176.14,2.222,99.33,60.95,0.836,227.74,427.9,18.08,99.32,96.56,OK,0,0,PASS
B0015,2026-01-05,EQ_A,NIGHT,15,M01,0.9964,99.33,181.50,2.378,96.33,59.90,0.827,238.31,428.9,16.75,99.90,96.54,OK,0,0,PASS
B0016,2026-01-06,EQ_C,DAY,16,M01,1.0024,100.72,180.33,2.351,98.95,58.03,0.804,235.91,425.5,17.67,100.06,97.06,OK,0,0,PASS
B0017,2026-01-06,EQ_B,SWING,17,M01,1.0062,98.29,181.65,2.211,100.84,62.03,0.872,248.74,428.4,17.57,98.90,96.52,OK,0,0,PASS
B0018,2026-01-06,EQ_A,NIGHT,18,M01,0.9921,100.22,181.68,2.313,103.31,63.32,0.805,243.60,436.8,18.46,100.08,95.91,OK,0,0,PASS
B0019,2026-01-07,EQ_C,DAY,19,M01,0.9766,99.74,181.74,2.257,97.01,54.65,0.814,222.47,401.7,18.42,99.80,96.37,OK,0,0,PASS
B0020,2026-01-07,EQ_A,SWING,20,M01,0.9854,98.01,182.34,2.343,99.63,56.70,0.815,236.38,405.2,15.73,99.42,96.80,OK,0,1,REVIEW
B0021,2026-01-07,EQ_B,NIGHT,21,M01,1.0074,99.31,181.40,2.341,98.30,58.63,0.819,240.62,423.6,16.65,100.34,97.01,OK,0,0,PASS
B0022,2026-01-08,EQ_B,DAY,22,M01,0.9987,97.98,177.74,2.378,106.44,53.98,0.815,233.95,419.4,18.30,99.77,96.07,OK,0,0,PASS
B0023,2026-01-08,EQ_B,SWING,23,M01,0.9948,98.54,180.45,2.372,102.46,61.44,0.830,247.78,418.8,18.35,99.76,96.68,OK,0,0,PASS
B0024,2026-01-08,EQ_C,NIGHT,24,M01,1.0079,99.39,177.71,2.256,104.23,57.47,0.857,231.54,427.7,17.29,98.77,96.82,OK,0,0,PASS
B0025,2026-01-09,EQ_B,DAY,25,M01,1.0016,99.05,182.93,2.308,99.46,58.78,0.778,236.79,427.0,18.51,99.45,94.89,OK,0,0,PASS
B0026,2026-01-09,EQ_B,SWING,26,M01,1.0158,98.29,181.83,2.347,96.28,60.54,0.836,250.17,420.3,17.73,98.89,96.99,OK,0,0,PASS
B0027,2026-01-09,EQ_A,NIGHT,27,M01,0.9937,99.48,178.12,2.168,105.22,59.77,0.886,223.25,415.1,17.99,99.42,96.74,OK,0,0,PASS
B0028,2026-01-10,EQ_B,DAY,28,M01,0.9969,99.66,181.60,2.350,100.64,61.96,0.841,247.18,405.1,18.93,99.24,96.17,OK,0,0,PASS
B0029,2026-01-10,EQ_A,SWING,29,M01,0.9850,99.57,181.32,2.408,92.18,60.53,0.798,241.85,437.0,16.89,101.00,96.50,OK,0,0,PASS
B0030,2026-01-10,EQ_A,NIGHT,30,M01,0.9811,99.05,178.38,2.244,97.00,62.08,0.862,230.21,419.1,18.09,99.62,97.32,OK,0,0,PASS
B0031,2026-01-11,EQ_C,DAY,31,M08,1.0117,100.96,180.28,2.240,99.22,58.36,0.772,238.27,430.3,18.52,100.08,97.74,OK,0,0,PASS
B0032,2026-01-11,EQ_B,SWING,32,M01,1.0077,99.41,180.06,2.220,99.90,57.05,0.783,230.04,420.5,17.76,100.81,97.65,OK,0,0,PASS
B0033,2026-01-11,EQ_B,NIGHT,33,M08,0.9964,100.61,180.80,2.238,99.44,63.20,0.852,240.66,420.1,17.01,99.71,95.52,OK,0,0,PASS
B0034,2026-01-12,EQ_A,DAY,34,M01,1.0110,98.16,177.79,2.349,105.12,56.11,0.826,233.36,424.6,17.20,99.64,96.30,OK,0,0,PASS
B0035,2026-01-12,EQ_C,SWING,35,M01,0.9967,99.07,181.11,2.257,99.54,60.49,0.851,242.57,420.7,18.47,100.09,96.82,NG,0,0,PASS
B0036,2026-01-12,EQ_B,NIGHT,36,M01,1.0024,98.94,178.18,2.200,99.50,60.60,0.860,239.51,424.2,18.29,99.17,96.52,OK,0,0,PASS
B0037,2026-01-13,EQ_B,DAY,37,M01,1.0045,99.36,196.67,2.401,99.66,65.30,0.785,248.83,438.6,17.68,98.37,95.81,OK,0,1,REVIEW
B0038,2026-01-13,EQ_B,SWING,38,M01,0.9876,99.73,180.22,2.255,103.36,57.74,0.844,234.25,420.0,17.03,99.56,97.66,OK,0,0,PASS
B0039,2026-01-13,EQ_B,NIGHT,39,M01,1.0192,100.23,180.71,2.396,102.58,63.06,0.868,246.44,438.6,19.00,100.46,95.88,OK,0,0,PASS
B0040,2026-01-14,EQ_C,DAY,40,M01,0.9926,100.11,180.04,2.272,98.24,60.18,0.814,229.38,423.8,17.18,99.92,96.42,OK,0,0,PASS
B0041,2026-01-14,EQ_B,SWING,41,M01,1.0019,98.46,180.50,2.359,97.64,59.10,0.830,247.83,425.4,17.10,100.16,96.52,OK,0,0,PASS
B0042,2026-01-14,EQ_A,NIGHT,42,M01,1.0042,99.94,179.37,2.221,100.14,60.43,0.834,238.14,435.0,17.94,100.25,96.43,OK,0,0,PASS
B0044,2026-01-15,EQ_B,SWING,44,M01,0.9956,98.60,183.19,2.489,98.85,61.34,0.871,246.45,419.5,18.12,99.35,95.81,OK,0,0,PASS
B0045,2026-01-15,EQ_A,NIGHT,45,M01,0.9730,99.35,180.17,2.223,100.32,56.33,0.802,220.88,388.9,17.82,100.63,97.83,OK,0,1,REVIEW
B0046,2026-01-16,EQ_C,DAY,46,M01,0.9990,99.63,177.74,2.243,103.78,59.23,0.844,232.70,430.3,17.92,100.78,96.76,OK,0,0,PASS
B0047,2026-01-16,EQ_B,SWING,47,M01,0.9979,99.47,180.30,2.339,98.46,61.79,0.805,250.21,440.5,18.50,100.23,97.10,OK,0,0,PASS
B0048,2026-01-16,EQ_A,NIGHT,48,M01,0.9829,98.96,177.71,2.244,98.37,62.25,0.755,230.78,401.6,18.69,99.45,97.02,OK,0,0,PASS
B0049,2026-01-17,EQ_A,DAY,49,M01,0.9923,100.62,184.88,2.398,96.01,64.82,0.853,244.79,435.4,18.63,98.66,94.87,NG,0,0,PASS
B0050,2026-01-17,EQ_A,SWING,50,M02,0.9967,101.49,180.23,2.361,102.03,59.67,0.802,243.07,446.4,18.13,99.54,97.00,NG,0,0,PASS
B0051,2026-01-17,EQ_C,NIGHT,51,M01,1.0052,99.39,176.10,2.305,102.28,54.62,0.828,233.69,419.0,16.71,98.43,95.97,OK,0,0,PASS
B0052,2026-01-18,EQ_C,DAY,52,M11,0.9905,100.26,178.92,2.168,100.47,57.18,0.798,224.94,433.3,17.58,100.72,97.27,OK,0,0,PASS
B0053,2026-01-18,EQ_A,SWING,53,M01,0.9931,99.30,174.73,2.297,98.80,62.13,0.780,228.83,433.1,18.45,98.98,95.67,OK,0,0,PASS
B0054,2026-01-18,EQ_A,NIGHT,54,M01,1.0092,100.48,179.10,2.315,99.35,54.85,0.779,227.81,429.3,16.98,100.03,97.42,OK,0,0,PASS
B0055,2026-01-19,EQ_A,DAY,55,M01,1.0026,100.64,179.30,2.279,98.22,62.88,0.785,238.26,440.7,17.71,100.38,97.21,NG,0,0,PASS
B0056,2026-01-19,EQ_C,SWING,56,M01,0.9939,98.96,179.97,2.193,96.40,56.59,0.860,228.89,416.7,16.72,100.30,96.49,OK,0,0,PASS
B0057,2026-01-19,EQ_C,NIGHT,57,M01,0.9881,99.86,184.24,2.528,101.02,62.01,0.783,241.87,412.5,17.57,98.74,95.29,NG,0,0,PASS
B0058,2026-01-20,EQ_B,DAY,58,M01,0.9918,100.73,181.85,2.436,95.66,64.03,0.804,248.46,440.4,18.05,99.96,96.15,NG,0,0,PASS
B0060,2026-01-20,EQ_B,NIGHT,60,M01,1.0075,99.32,182.02,2.395,102.52,59.44,0.818,234.80,423.1,17.45,100.67,95.60,OK,0,0,PASS
B0061,2026-01-21,EQ_C,DAY,61,M01,0.9916,99.00,179.63,2.249,95.21,60.79,0.806,238.01,422.3,17.77,99.34,97.06,OK,0,0,PASS
B0062,2026-01-21,EQ_C,SWING,62,M01,1.0022,99.32,181.34,2.173,101.69,60.97,0.807,231.72,419.4,18.04,99.62,95.66,OK,0,0,PASS
B0063,2026-01-21,EQ_C,NIGHT,63,M01,0.9989,99.36,176.33,2.234,98.56,65.51,0.773,246.06,453.2,18.59,98.63,95.14,OK,0,0,PASS
B0064,2026-01-22,EQ_B,DAY,64,M01,0.9779,99.43,180.47,2.383,100.03,60.75,0.862,251.98,415.9,18.03,100.20,95.67,OK,0,0,PASS
B0065,2026-01-22,EQ_C,SWING,65,M01,0.9915,98.90,179.07,2.185,99.34,58.64,0.832,241.63,429.5,18.31,100.52,95.90,OK,0,0,PASS
B0066,2026-01-22,EQ_A,NIGHT,66,M01,1.0039,99.23,179.54,2.139,102.73,58.36,0.804,232.90,422.6,17.98,100.06,96.90,NG,0,0,PASS
B0067,2026-01-23,EQ_B,DAY,67,M01,0.9699,98.54,183.00,2.917,93.55,63.48,0.784,243.98,404.8,17.24,99.31,95.07,OK,0,2,REVIEW
B0068,2026-01-23,EQ_C,SWING,68,M02,0.9968,100.18,180.15,2.268,102.31,56.77,0.886,236.25,434.5,17.32,99.17,96.88,OK,0,0,PASS
B0070,2026-01-24,EQ_C,DAY,70,M06,0.9976,99.37,178.00,2.255,96.75,57.76,0.832,231.15,423.1,18.12,99.95,96.71,OK,0,0,PASS
B0071,2026-01-24,EQ_B,SWING,71,M02,1.0061,99.94,179.01,2.172,101.37,58.10,0.875,238.30,427.1,18.45,99.39,97.57,OK,0,0,PASS
B0072,2026-01-24,EQ_A,NIGHT,72,M02,1.0028,100.69,180.38,2.168,94.64,59.03,0.820,232.43,429.7,18.76,99.47,96.40,OK,0,0,PASS
B0073,2026-01-25,EQ_A,DAY,73,M02,1.0073,100.34,180.02,2.296,99.08,57.23,0.775,241.92,424.3,17.29,99.26,95.42,OK,0,0,PASS
B0074,2026-01-25,EQ_B,SWING,74,M02,1.0041,99.84,181.21,2.380,88.97,60.98,0.821,252.11,426.8,18.15,100.56,96.59,OK,0,1,REVIEW
B0075,2026-01-25,EQ_B,NIGHT,75,M02,1.0107,100.60,179.69,2.467,98.07,59.97,0.771,233.09,454.9,18.08,98.56,96.78,OK,0,0,PASS
B0076,2026-01-26,EQ_B,DAY,76,M07,0.9879,100.91,182.19,2.308,99.73,61.95,0.811,247.36,449.8,18.56,99.37,95.99,NG,0,0,PASS
B0077,2026-01-26,EQ_C,SWING,77,M02,0.9985,100.37,179.45,2.371,95.01,62.91,0.893,242.99,450.6,18.94,99.59,97.24,OK,0,0,PASS
B0078,2026-01-26,EQ_B,NIGHT,78,M02,1.0133,99.13,179.71,2.310,94.34,65.78,0.869,241.25,448.0,17.92,98.97,96.89,NG,0,0,PASS
B0079,2026-01-27,EQ_A,DAY,79,M02,0.9871,100.73,179.08,2.304,103.62,61.08,0.811,233.04,434.3,17.83,99.80,96.74,OK,0,0,PASS
B0080,2026-01-27,EQ_C,SWING,80,M02,1.0092,99.58,188.25,2.269,97.72,59.63,0.811,227.08,446.5,16.80,98.57,95.15,OK,0,1,REVIEW
B0081,2026-01-27,EQ_C,NIGHT,81,M02,0.9945,100.12,178.93,2.290,106.89,55.89,0.755,233.70,437.5,17.46,99.84,97.49,NG,0,0,PASS
B0082,2026-01-28,EQ_C,DAY,82,M02,1.0032,100.90,179.68,2.360,94.34,63.92,0.835,244.79,441.4,18.07,99.67,97.19,OK,0,0,PASS
B0083,2026-01-28,EQ_A,SWING,83,M02,0.9983,99.29,177.48,2.253,103.41,61.80,0.798,232.36,428.6,17.62,99.46,96.94,OK,0,0,PASS
B0084,2026-01-28,EQ_C,NIGHT,84,M02,1.0035,100.65,179.50,2.284,96.69,60.94,0.846,234.37,455.6,17.99,100.01,96.92,OK,0,0,PASS
B0085,2026-01-29,EQ_B,DAY,85,M02,1.0043,99.74,177.57,2.277,95.31,67.11,0.789,245.15,450.0,18.93,99.70,95.67,OK,0,0,PASS
B0086,2026-01-29,EQ_A,SWING,86,M02,1.0079,100.33,179.24,2.392,102.32,57.91,0.795,223.08,438.6,17.62,99.99,96.05,NG,0,0,PASS
B0087,2026-01-29,EQ_C,NIGHT,87,M02,0.9920,100.23,177.93,2.286,97.29,58.85,0.810,240.99,432.0,18.24,99.49,97.21,OK,0,0,PASS
B0088,2026-01-30,EQ_A,DAY,88,M02,1.0000,99.98,178.83,2.193,102.08,58.00,0.790,228.30,416.1,18.48,99.61,96.97,OK,0,0,PASS
B0089,2026-01-30,EQ_A,SWING,89,M02,1.0032,100.40,176.99,2.196,96.05,59.60,0.832,226.96,441.5,18.65,100.27,95.72,OK,0,0,PASS
B0090,2026-01-30,EQ_A,NIGHT,90,M02,1.0061,99.77,177.55,2.266,98.07,60.21,0.813,233.59,431.5,17.93,100.70,97.61,OK,0,0,PASS
B0091,2026-01-31,EQ_C,DAY,91,M02,1.0128,99.98,178.98,2.227,100.83,62.39,0.788,248.77,449.4,18.25,99.79,96.77,NG,0,0,PASS
B0092,2026-01-31,EQ_C,SWING,92,M02,0.9956,99.68,181.65,2.270,101.82,59.38,0.797,236.12,426.6,18.76,100.05,97.07,OK,0,0,PASS
B0093,2026-01-31,EQ_B,NIGHT,93,M02,1.0058,100.23,180.31,2.237,110.96,53.60,0.817,232.94,422.5,17.54,101.46,97.29,OK,0,2,REVIEW
B0094,2026-02-01,EQ_B,DAY,94,M02,1.0115,100.54,180.62,2.297,95.30,64.03,0.846,251.46,464.0,18.99,99.81,96.25,OK,0,0,PASS
B0095,2026-02-01,EQ_B,SWING,95,M02,1.0145,100.89,181.30,2.357,98.40,54.81,0.787,240.73,432.1,18.26,99.86,97.12,OK,0,0,PASS
B0096,2026-02-01,EQ_A,NIGHT,96,M02,1.0026,100.50,181.38,2.266,101.14,57.29,0.727,227.21,417.1,19.20,99.39,96.81,NG,0,0,PASS
B0097,2026-02-02,EQ_C,DAY,97,M02,1.0080,99.19,178.54,2.288,103.41,56.72,0.735,235.23,422.7,17.96,100.25,96.72,OK,0,0,PASS
B0098,2026-02-02,EQ_A,SWING,98,M02,1.0152,100.25,179.42,2.248,96.95,59.07,0.840,229.45,426.5,18.36,100.05,97.21,OK,0,0,PASS
B0099,2026-02-02,EQ_C,NIGHT,99,M02,0.9968,99.95,177.28,2.117,98.57,66.78,0.786,239.08,448.7,18.24,99.04,95.86,NG,0,0,PASS
B0100,2026-02-03,EQ_C,DAY,100,M10,1.0014,100.97,179.58,2.301,103.25,58.60,0.829,238.82,430.7,18.30,99.14,97.54,OK,0,0,PASS
B0101,2026-02-03,EQ_A,SWING,101,M07,1.0088,100.55,180.14,2.306,98.99,54.13,0.808,225.30,420.8,17.60,100.23,97.33,NG,0,0,PASS
B0102,2026-02-03,EQ_B,NIGHT,102,M02,1.0066,99.39,178.56,2.328,100.52,60.22,0.815,249.30,427.8,18.37,99.75,96.77,NG,0,0,PASS
B0103,2026-02-04,EQ_B,DAY,103,M02,0.9946,100.06,180.99,2.404,104.21,56.37,0.823,238.64,424.8,16.93,99.58,97.18,OK,0,0,PASS
B0104,2026-02-04,EQ_C,SWING,104,M02,1.0072,99.99,182.93,2.342,104.36,54.55,0.807,234.40,411.9,18.20,99.54,95.89,OK,0,0,PASS
B0105,2026-02-04,EQ_A,NIGHT,105,M02,1.0074,100.81,179.75,2.264,95.70,64.86,0.774,240.04,462.0,18.98,99.80,96.06,OK,0,0,PASS
B0106,2026-02-05,EQ_A,DAY,106,M02,0.9942,101.73,176.92,2.393,96.81,60.33,0.793,227.51,439.1,19.22,99.52,95.21,OK,0,0,PASS
B0107,2026-02-05,EQ_B,SWING,107,M02,0.9892,100.17,181.78,2.435,105.30,59.46,0.833,242.84,416.3,17.50,100.24,97.25,OK,0,0,PASS
B0108,2026-02-05,EQ_B,NIGHT,108,M02,0.9950,100.64,177.48,2.170,100.60,63.07,0.772,242.13,439.1,17.82,99.81,96.31,OK,0,0,PASS
B0109,2026-02-06,EQ_C,DAY,109,M02,1.0022,100.20,179.79,2.230,92.02,63.84,0.827,239.02,429.6,18.08,100.31,97.80,OK,0,0,PASS
B0111,2026-02-06,EQ_A,NIGHT,111,M02,0.9899,98.68,183.71,2.363,97.04,54.26,0.790,233.12,386.4,16.27,98.48,95.36,OK,0,2,REVIEW
B0112,2026-02-07,EQ_B,DAY,112,M02,1.0053,100.39,180.08,2.398,96.06,62.39,0.809,235.54,466.3,18.37,99.90,96.74,OK,0,0,PASS
B0113,2026-02-07,EQ_C,SWING,113,M02,1.0036,101.39,181.26,2.237,95.42,63.46,0.786,243.07,441.2,18.02,100.51,96.62,NG,0,0,PASS
B0114,2026-02-07,EQ_C,NIGHT,114,M06,0.9895,99.81,175.79,2.254,100.64,57.73,0.863,227.14,433.4,17.39,98.37,96.04,OK,0,0,PASS
B0115,2026-02-08,EQ_C,DAY,115,M02,0.9854,99.99,178.38,2.288,99.67,58.56,0.817,238.69,447.3,17.54,100.57,97.39,NG,0,0,PASS
B0116,2026-02-08,EQ_C,SWING,116,M02,0.9965,100.00,179.25,2.286,97.96,61.79,0.740,230.88,437.5,17.24,99.89,97.41,OK,0,0,PASS
B0117,2026-02-08,EQ_C,NIGHT,117,M02,1.0146,101.07,181.09,2.351,99.51,58.47,0.720,238.68,451.2,17.57,99.11,96.20,NG,0,1,REVIEW
B0118,2026-02-09,EQ_A,DAY,118,M02,1.0049,99.83,179.19,2.321,102.14,58.19,0.745,227.54,454.1,17.46,98.87,96.20,OK,0,0,PASS
B0119,2026-02-09,EQ_B,SWING,119,M02,1.0019,100.17,179.72,2.308,98.12,58.86,0.821,236.72,440.2,18.65,99.61,97.04,OK,0,0,PASS
B0120,2026-02-09,EQ_B,NIGHT,120,M02,1.0047,100.06,180.86,2.202,102.04,59.03,0.908,239.73,424.9,17.99,99.65,97.17,OK,0,0,PASS
B0121,2026-02-10,EQ_A,DAY,121,M02,1.0034,101.01,176.54,2.199,102.71,61.31,0.855,231.49,438.9,17.69,99.63,97.14,OK,0,0,PASS
B0122,2026-02-10,EQ_B,SWING,122,M02,0.9977,100.45,177.44,2.280,96.36,64.35,0.894,239.53,451.7,18.43,99.08,95.82,OK,0,0,PASS
B0123,2026-02-10,EQ_B,NIGHT,123,M02,1.0064,99.42,181.23,2.326,99.14,61.96,0.824,243.86,447.6,19.11,100.36,95.82,OK,0,0,PASS
B0124,2026-02-11,EQ_A,DAY,124,M02,1.0035,100.90,182.66,2.305,97.42,62.85,0.813,239.60,433.5,18.83,99.19,95.92,OK,0,0,PASS
B0125,2026-02-11,EQ_C,SWING,125,M02,0.9833,100.62,180.42,2.348,100.78,57.47,0.790,238.57,437.6,18.53,100.17,96.30,OK,0,0,PASS
B0126,2026-02-11,EQ_C,NIGHT,126,M02,1.0077,100.54,183.33,2.336,103.59,60.35,0.770,245.77,440.6,18.33,99.72,95.92,OK,0,0,PASS
B0128,2026-02-12,EQ_B,SWING,128,M02,1.0026,99.81,177.76,2.228,101.78,56.81,0.785,233.60,405.1,17.42,100.03,96.48,OK,0,0,PASS
B0129,2026-02-12,EQ_A,NIGHT,129,M02,1.0094,100.12,180.37,2.238,103.25,57.90,0.779,232.78,439.4,18.15,99.02,96.84,OK,0,0,PASS
B0130,2026-02-13,EQ_B,DAY,130,M02,0.9898,100.72,179.32,2.298,100.64,65.11,0.828,229.80,443.8,18.76,99.52,96.30,OK,0,0,PASS
B0132,2026-02-13,EQ_B,NIGHT,132,M09,0.9905,99.04,180.26,2.266,108.42,52.82,0.808,234.53,383.3,16.17,99.34,98.70,OK,0,3,REVIEW
B0133,2026-02-14,EQ_C,DAY,133,M02,0.9906,100.15,182.73,2.329,107.71,60.65,0.869,241.82,421.5,17.67,99.45,95.85,NG,0,0,PASS
B0134,2026-02-14,EQ_A,SWING,134,M02,0.9997,100.68,182.74,2.361,100.31,61.54,0.861,235.28,439.8,18.82,99.86,96.96,NG,0,0,PASS
B0135,2026-02-14,EQ_C,NIGHT,135,M03,1.0071,100.01,182.14,2.351,98.28,60.65,0.870,243.00,428.9,18.33,100.14,96.51,OK,0,0,PASS
B0136,2026-02-15,EQ_C,DAY,136,M03,1.0038,101.25,179.69,2.281,106.63,53.99,0.768,235.74,404.2,17.73,99.33,96.32,OK,0,0,PASS
B0137,2026-02-15,EQ_C,SWING,137,M03,1.0021,101.00,176.85,2.124,97.60,61.02,0.853,225.58,442.9,19.13,99.18,96.24,OK,0,0,PASS
B0138,2026-02-15,EQ_C,NIGHT,138,M03,0.9978,99.77,181.36,2.429,99.38,59.97,0.799,237.42,420.7,18.28,100.16,96.89,NG,0,0,PASS
B0139,2026-02-16,EQ_A,DAY,139,M05,1.0166,100.59,180.81,2.334,100.88,62.38,0.826,241.52,445.8,18.83,100.13,96.76,OK,0,0,PASS
B0140,2026-02-16,EQ_C,SWING,140,M03,0.9994,102.69,179.82,2.233,91.92,64.15,0.865,246.46,456.1,19.37,99.70,96.77,OK,0,0,PASS
B0141,2026-02-16,EQ_B,NIGHT,141,M03,0.9937,100.62,179.22,2.354,98.58,60.26,0.842,230.74,426.4,17.87,99.23,96.96,OK,0,0,PASS
B0142,2026-02-17,EQ_C,DAY,142,M03,0.9972,100.84,176.39,2.180,99.74,61.70,0.808,228.45,439.0,18.75,100.18,96.32,OK,0,0,PASS
B0143,2026-02-17,EQ_A,SWING,143,M10,1.0316,101.46,175.81,2.107,99.27,62.48,0.855,230.10,468.7,18.33,99.99,96.00,OK,0,1,REVIEW
B0144,2026-02-17,EQ_A,NIGHT,144,M03,1.0180,100.47,181.68,2.384,100.80,58.28,0.808,232.68,433.5,18.12,99.93,96.50,OK,0,0,PASS
B0145,2026-02-18,EQ_C,DAY,145,M03,1.0052,100.36,180.65,2.325,102.40,54.83,0.796,231.46,406.0,18.33,100.35,96.68,OK,0,0,PASS
B0146,2026-02-18,EQ_A,SWING,146,M03,1.0066,99.94,180.08,2.268,96.52,59.56,0.789,234.45,434.5,17.93,99.89,96.70,OK,0,0,PASS
B0147,2026-02-18,EQ_A,NIGHT,147,M03,0.9939,101.40,181.51,2.176,98.01,58.96,0.758,241.78,429.0,18.96,98.99,97.27,NG,0,0,PASS
B0148,2026-02-19,EQ_A,DAY,148,M03,0.9907,100.21,179.33,2.401,102.98,60.13,0.857,232.14,433.9,18.50,99.73,96.61,OK,0,0,PASS
B0149,2026-02-19,EQ_A,SWING,149,M03,0.9958,99.94,179.54,2.229,94.16,65.29,0.812,246.72,444.5,18.20,99.26,96.51,OK,0,0,PASS
B0150,2026-02-19,EQ_B,NIGHT,150,M03,1.0081,102.08,180.80,2.558,98.59,59.61,0.817,243.58,439.2,19.09,99.70,97.52,OK,0,1,REVIEW
B0151,2026-02-20,EQ_A,DAY,151,M03,1.0099,100.97,179.39,2.276,95.43,63.19,0.833,236.24,447.9,18.86,99.62,97.61,OK,0,0,PASS
B0152,2026-02-20,EQ_A,SWING,152,M03,1.0041,100.88,181.48,2.377,103.99,58.10,0.814,238.16,442.3,17.91,100.27,96.35,OK,0,0,PASS
B0153,2026-02-20,EQ_C,NIGHT,153,M03,1.0003,101.39,180.73,2.243,102.43,59.28,0.889,247.82,443.3,19.31,99.16,96.77,OK,0,0,PASS
B0154,2026-02-21,EQ_B,DAY,154,M03,0.9946,100.68,179.86,2.232,97.36,58.61,0.850,244.15,450.8,18.96,100.38,96.53,OK,0,0,PASS
B0155,2026-02-21,EQ_B,SWING,155,M03,1.0087,100.42,180.56,2.407,94.14,59.50,0.789,244.47,432.2,18.04,99.98,97.53,OK,0,0,PASS
B0156,2026-02-21,EQ_C,NIGHT,156,M03,1.0028,99.53,179.14,2.274,105.62,54.36,0.823,234.38,436.2,17.01,100.20,96.90,OK,0,0,PASS
B0157,2026-02-22,EQ_A,DAY,157,M03,0.9956,101.07,178.82,2.300,90.92,69.77,0.846,240.95,447.1,19.33,98.86,94.69,OK,0,0,PASS
B0158,2026-02-22,EQ_B,SWING,158,M03,1.0078,99.71,180.49,2.363,95.34,54.32,0.794,229.99,413.2,16.77,100.08,96.99,OK,0,0,PASS
B0159,2026-02-22,EQ_C,NIGHT,159,M03,1.0024,100.75,179.91,2.247,104.58,52.86,0.865,233.26,426.4,17.51,100.06,96.65,OK,0,0,PASS
B0160,2026-02-23,EQ_B,DAY,160,M03,1.0182,100.10,184.50,2.340,97.91,64.37,0.833,252.88,447.4,17.98,99.17,95.60,OK,0,0,PASS
B0161,2026-02-23,EQ_C,SWING,161,M02,1.0113,100.77,185.97,2.302,105.79,59.19,0.888,246.38,435.2,18.49,98.00,94.91,OK,0,2,REVIEW
B0162,2026-02-23,EQ_C,NIGHT,162,M03,1.0164,101.67,183.23,2.311,101.73,58.25,0.799,255.09,438.3,18.73,98.98,96.09,OK,0,0,PASS
B0163,2026-02-24,EQ_C,DAY,163,M03,1.0009,100.31,180.43,2.303,101.66,61.25,0.886,248.27,453.8,18.05,98.95,96.54,OK,0,0,PASS
B0164,2026-02-24,EQ_A,SWING,164,M03,0.9963,102.33,177.78,2.186,96.61,57.80,0.831,222.49,442.3,17.14,98.62,95.59,OK,0,0,PASS
B0165,2026-02-24,EQ_B,NIGHT,165,M09,0.9988,99.05,181.83,2.300,107.60,58.25,0.819,244.06,414.5,17.34,99.33,95.66,OK,0,0,PASS
B0166,2026-02-25,EQ_C,DAY,166,M03,0.9780,100.98,179.02,2.255,95.48,61.35,0.878,235.98,442.3,19.21,99.59,96.17,OK,0,0,PASS
B0167,2026-02-25,EQ_B,SWING,167,M03,0.9791,101.86,179.84,2.373,99.25,56.90,0.749,238.21,421.9,18.44,98.57,97.19,OK,0,0,PASS
B0168,2026-02-25,EQ_C,NIGHT,168,M03,0.9928,100.50,175.92,2.211,104.66,60.82,0.834,241.80,454.3,18.17,99.77,95.11,OK,0,0,PASS
B0169,2026-02-26,EQ_C,DAY,169,M03,1.0119,101.09,175.50,2.210,100.91,63.01,0.754,229.65,448.4,18.59,99.54,95.90,NG,0,0,PASS
B0170,2026-02-26,EQ_C,SWING,170,M03,0.9812,100.32,182.09,2.188,94.50,64.59,0.843,234.22,451.8,18.75,99.53,96.60,NG,0,0,PASS
B0171,2026-02-26,EQ_B,NIGHT,171,M03,1.0019,100.87,179.53,2.367,102.21,56.02,0.825,238.66,420.4,17.67,99.85,97.17,OK,0,0,PASS
B0172,2026-02-27,EQ_B,DAY,172,M03,1.0035,100.57,181.36,2.311,104.87,58.60,0.766,246.28,455.0,18.58,100.08,96.23,OK,0,0,PASS
B0173,2026-02-27,EQ_A,SWING,173,M03,1.0003,100.55,180.65,2.266,95.67,62.48,0.846,240.54,448.8,18.92,99.70,97.52,OK,0,0,PASS
B0174,2026-02-27,EQ_A,NIGHT,174,M03,1.0129,101.77,182.84,2.395,96.48,59.48,0.805,241.76,431.6,18.47,100.38,97.19,OK,0,0,PASS
B0175,2026-02-28,EQ_B,DAY,175,M03,0.9923,101.24,179.90,2.330,100.18,64.92,0.845,243.54,459.0,19.22,99.30,96.62,OK,0,0,PASS
B0176,2026-02-28,EQ_B,SWING,176,M03,0.9998,101.40,183.82,2.333,93.35,62.41,0.821,247.73,437.8,18.79,99.58,95.87,OK,0,0,PASS
B0177,2026-02-28,EQ_A,NIGHT,177,M03,1.0039,99.95,178.75,2.142,100.91,56.18,0.791,226.73,425.9,18.06,99.86,97.93,OK,0,0,PASS
B0178,2026-03-01,EQ_A,DAY,178,M03,1.0008,101.19,180.14,2.380,107.04,59.94,0.838,237.61,439.2,19.19,99.78,97.12,OK,0,0,PASS
B0179,2026-03-01,EQ_A,SWING,179,M03,1.0046,100.03,178.88,2.215,103.87,61.01,0.812,227.66,429.4,17.31,100.02,95.62,OK,0,0,PASS
B0180,2026-03-01,EQ_A,NIGHT,180,M03,0.9972,99.99,180.31,2.240,91.28,64.97,0.859,241.61,445.8,19.48,100.55,96.50,OK,0,0,PASS
B0181,2026-03-02,EQ_A,DAY,181,M03,0.9994,101.05,179.48,2.468,91.64,61.59,0.822,236.35,428.5,18.49,100.41,97.28,OK,0,0,PASS
B0182,2026-03-02,EQ_B,SWING,182,M03,1.0000,100.97,179.72,2.255,99.10,61.02,0.838,234.72,450.9,18.15,100.07,96.39,OK,0,0,PASS
B0183,2026-03-02,EQ_A,NIGHT,183,M03,1.0006,101.45,181.34,2.451,101.62,57.55,0.795,233.07,434.1,18.96,99.42,96.08,NG,0,0,PASS
B0184,2026-03-03,EQ_B,DAY,184,M03,0.9816,100.94,181.62,2.462,96.46,64.05,0.822,247.26,439.7,19.10,99.33,96.76,OK,0,0,PASS
B0185,2026-03-03,EQ_B,SWING,185,M03,1.0091,101.64,182.82,2.328,101.49,66.04,0.849,244.05,470.8,19.53,99.16,95.81,NG,0,0,PASS
B0186,2026-03-03,EQ_C,NIGHT,186,M03,1.0103,99.92,179.92,2.319,100.66,58.70,0.792,234.52,410.0,18.79,100.05,98.44,OK,0,1,REVIEW
B0187,2026-03-04,EQ_B,DAY,187,M03,0.9913,100.75,178.27,2.244,103.49,63.22,0.830,239.63,454.3,18.29,99.61,96.10,OK,0,0,PASS
B0188,2026-03-04,EQ_B,SWING,188,M03,0.9898,100.15,186.48,2.481,104.80,59.28,0.846,251.22,419.6,16.84,98.00,95.54,OK,0,2,REVIEW
B0189,2026-03-04,EQ_A,NIGHT,189,M03,0.9917,99.63,180.10,2.327,98.07,59.69,0.806,235.79,420.6,18.46,100.03,98.23,OK,0,0,PASS
B0190,2026-03-05,EQ_A,DAY,190,M03,1.0059,100.80,182.31,2.282,104.70,56.80,0.778,236.72,427.9,17.62,99.16,96.77,OK,0,0,PASS
B0191,2026-03-05,EQ_A,SWING,191,M03,1.0130,99.11,175.91,2.175,108.02,54.22,0.789,231.72,419.7,17.97,98.39,95.98,NG,0,0,PASS
B0192,2026-03-05,EQ_A,NIGHT,192,M03,1.0017,101.06,181.15,2.181,95.49,58.30,0.871,238.20,425.1,17.94,99.33,95.83,OK,0,0,PASS
B0193,2026-03-06,EQ_B,DAY,193,M03,1.0091,100.99,181.92,2.388,100.76,56.51,0.757,237.04,423.4,17.72,99.83,96.90,OK,0,0,PASS
B0194,2026-03-06,EQ_C,SWING,194,M03,1.0081,99.94,180.02,2.316,99.05,57.77,0.816,235.13,413.7,17.44,100.43,96.91,OK,0,0,PASS
B0195,2026-03-06,EQ_A,NIGHT,195,M03,0.9983,101.58,181.68,2.384,98.63,61.74,0.840,233.77,453.6,17.81,99.71,96.82,NG,0,0,PASS
B0196,2026-03-07,EQ_C,DAY,196,M03,1.0097,101.02,176.04,2.152,101.36,57.89,0.821,230.45,444.4,18.26,98.90,94.83,OK,0,0,PASS
B0197,2026-03-07,EQ_C,SWING,197,M03,0.9891,102.13,179.71,2.270,100.53,59.90,0.830,241.62,451.9,18.51,100.41,97.06,OK,0,0,PASS
B0198,2026-03-07,EQ_B,NIGHT,198,M03,0.9985,100.59,174.98,2.258,98.60,61.21,0.760,235.69,451.5,18.11,99.08,95.61,OK,0,0,PASS
B0199,2026-03-08,EQ_C,DAY,199,M03,1.0107,99.70,176.13,2.182,100.04,56.32,0.785,229.08,417.0,16.73,99.75,96.45,OK,0,0,PASS
B0200,2026-03-08,EQ_A,SWING,200,M03,1.0006,100.70,177.77,2.246,105.96,59.24,0.791,228.15,437.0,18.62,99.07,96.22,OK,0,0,PASS
B0201,2026-03-08,EQ_B,NIGHT,201,M03,1.0021,102.22,180.07,2.406,101.06,57.96,0.810,234.28,437.6,19.80,98.85,98.15,OK,0,0,PASS
B0202,2026-03-09,EQ_C,DAY,202,M04,0.9820,100.22,176.56,2.187,102.26,58.36,0.879,229.60,439.5,17.97,100.36,96.13,OK,0,0,PASS
B0203,2026-03-09,EQ_C,SWING,203,M04,1.0043,99.76,179.01,2.319,103.33,57.53,0.814,227.26,427.3,17.52,100.02,95.66,OK,0,0,PASS
B0204,2026-03-09,EQ_A,NIGHT,204,M04,1.0331,99.58,179.01,2.371,99.05,60.87,0.793,240.10,438.8,18.61,99.87,97.10,OK,0,1,REVIEW
B0205,2026-03-10,EQ_A,DAY,205,M04,1.0001,100.99,179.04,2.238,104.44,59.46,0.769,230.83,451.4,17.93,99.65,96.21,OK,0,0,PASS
B0206,2026-03-10,EQ_C,SWING,206,M04,0.9988,100.05,180.00,2.338,92.56,66.84,0.871,246.26,447.7,18.81,98.20,96.55,OK,0,0,PASS
B0207,2026-03-10,EQ_B,NIGHT,207,M04,1.0073,100.33,183.11,2.530,99.29,58.67,0.835,246.14,434.6,17.26,100.04,95.57,OK,0,0,PASS
B0208,2026-03-11,EQ_A,DAY,208,M04,1.0038,99.29,178.58,2.148,96.77,62.98,0.838,236.06,438.7,17.53,99.18,95.92,OK,0,0,PASS
B0209,2026-03-11,EQ_C,SWING,209,M04,0.9953,99.70,175.82,2.181,96.28,54.95,0.769,227.31,416.0,17.56,99.75,96.24,OK,0,0,PASS
B0210,2026-03-11,EQ_C,NIGHT,210,M04,0.9967,99.39,175.29,2.230,99.31,57.51,0.786,226.33,421.7,17.77,99.17,95.79,OK,0,0,PASS
B0211,2026-03-12,EQ_A,DAY,211,M04,0.9912,100.76,182.09,2.413,99.87,63.20,0.807,237.52,429.5,19.10,98.94,96.22,OK,0,0,PASS
B0212,2026-03-12,EQ_B,SWING,212,M04,1.0087,99.67,177.57,2.184,102.29,57.72,0.765,235.10,430.6,17.33,99.58,95.99,OK,0,0,PASS
B0213,2026-03-12,EQ_A,NIGHT,213,M04,1.0157,101.33,181.37,2.366,104.21,59.20,0.756,228.18,435.2,17.71,99.29,96.52,OK,0,0,PASS
B0214,2026-03-13,EQ_B,DAY,214,M04,1.0181,99.94,180.23,2.272,95.36,60.67,0.832,236.10,426.5,18.39,101.13,98.70,OK,0,1,REVIEW
B0215,2026-03-13,EQ_A,SWING,215,M06,1.0030,99.48,177.44,2.294,105.93,51.90,0.793,219.11,416.4,16.32,99.76,96.22,OK,0,0,PASS
B0216,2026-03-13,EQ_B,NIGHT,216,M04,0.9936,99.08,181.66,2.317,107.86,57.90,0.799,232.68,402.1,16.88,100.07,96.32,OK,0,0,PASS
B0217,2026-03-14,EQ_C,DAY,217,M04,1.0059,99.19,178.31,2.287,103.18,60.19,0.894,232.46,435.6,17.31,99.92,96.31,OK,0,0,PASS
B0218,2026-03-14,EQ_B,SWING,218,M04,1.0063,99.99,178.59,2.325,93.74,66.82,0.832,246.84,452.2,18.65,99.10,94.74,OK,0,0,PASS
B0219,2026-03-14,EQ_A,NIGHT,219,M01,0.9845,98.12,178.76,2.213,100.64,58.08,0.841,226.42,404.9,16.00,99.36,96.50,OK,0,1,REVIEW
B0220,2026-03-15,EQ_B,DAY,220,M04,0.9942,99.23,181.18,2.469,95.09,60.48,0.814,236.95,410.5,17.03,99.47,96.76,OK,0,0,PASS
B0221,2026-03-15,EQ_C,SWING,221,M04,1.0073,100.29,178.59,2.383,92.40,62.56,0.796,233.82,445.4,18.15,99.94,96.59,OK,0,0,PASS
B0222,2026-03-15,EQ_A,NIGHT,222,M04,1.0155,99.70,181.87,2.354,105.18,54.93,0.860,237.47,412.9,18.20,99.08,96.31,OK,0,0,PASS
B0223,2026-03-16,EQ_B,DAY,223,M04,1.0180,98.55,183.19,2.446,94.30,64.85,0.803,249.08,419.6,17.16,100.00,95.26,OK,0,0,PASS
B0224,2026-03-16,EQ_B,SWING,224,M04,0.9881,100.05,181.21,2.262,94.36,62.24,0.809,233.62,431.7,17.35,100.67,97.51,OK,0,0,PASS
B0225,2026-03-16,EQ_C,NIGHT,225,M04,1.0026,100.37,180.40,2.298,94.51,59.37,0.821,238.08,434.0,18.29,100.26,95.78,OK,0,0,PASS
B0226,2026-03-17,EQ_B,DAY,226,M04,1.0138,100.03,177.92,2.265,94.60,60.83,0.833,236.40,460.8,19.78,99.40,96.81,OK,0,0,PASS
B0227,2026-03-17,EQ_B,SWING,227,M04,1.0021,100.27,178.30,2.259,104.34,54.65,0.793,234.35,429.2,17.97,100.07,98.14,OK,0,0,PASS
B0228,2026-03-17,EQ_C,NIGHT,228,M04,1.0027,99.72,181.76,2.483,95.25,61.61,0.830,245.47,431.0,18.24,99.69,96.07,OK,0,0,PASS
B0229,2026-03-18,EQ_A,DAY,229,M04,0.9930,99.47,176.92,2.143,97.47,57.61,0.786,222.01,419.0,17.26,99.82,95.48,OK,0,0,PASS
B0230,2026-03-18,EQ_C,SWING,230,M08,1.0004,101.91,182.44,2.318,99.44,60.24,0.837,243.35,431.5,18.44,100.58,95.43,OK,0,0,PASS
B0231,2026-03-18,EQ_A,NIGHT,231,M08,0.9924,102.09,180.43,2.190,95.99,61.42,0.759,239.85,430.7,18.93,99.83,97.32,OK,0,0,PASS
B0232,2026-03-19,EQ_A,DAY,232,M04,1.0139,98.93,180.13,2.458,102.47,55.52,0.890,242.13,401.7,18.44,99.65,97.30,OK,0,0,PASS
B0233,2026-03-19,EQ_B,SWING,233,M04,0.9871,100.61,178.94,2.167,97.31,62.00,0.739,230.19,426.8,17.83,99.31,95.86,OK,0,0,PASS
B0234,2026-03-19,EQ_B,NIGHT,234,M04,1.0049,99.31,179.96,2.223,102.81,57.72,0.868,248.65,422.4,16.84,99.12,96.70,OK,0,0,PASS
B0235,2026-03-20,EQ_B,DAY,235,M12,1.0103,102.06,177.02,2.276,93.82,58.51,0.843,232.89,442.5,19.46,99.53,96.16,OK,0,0,PASS
B0236,2026-03-20,EQ_A,SWING,236,M04,0.9967,100.49,178.30,2.329,95.20,62.50,0.848,235.96,437.7,18.17,100.17,95.77,OK,0,0,PASS
B0237,2026-03-20,EQ_C,NIGHT,237,M09,1.0117,99.68,179.34,2.248,103.59,57.39,0.843,219.76,425.7,17.98,100.48,96.75,OK,0,0,PASS
B0238,2026-03-21,EQ_A,DAY,238,M04,0.9877,99.56,175.37,2.310,98.60,62.65,0.821,225.87,452.9,18.81,99.67,95.82,OK,0,0,PASS
B0239,2026-03-21,EQ_B,SWING,239,M04,0.9980,100.97,178.50,2.304,98.68,59.11,0.804,237.79,449.4,18.58,100.26,96.79,NG,0,0,PASS
B0240,2026-03-21,EQ_A,NIGHT,240,M04,1.0112,99.83,181.00,2.386,96.63,59.65,0.800,237.39,430.7,16.84,100.91,96.87,OK,0,0,PASS
B0241,2026-03-22,EQ_B,DAY,241,M04,0.9943,99.92,181.34,2.434,104.10,56.41,0.858,238.17,415.0,17.78,99.77,96.27,NG,0,0,PASS
B0242,2026-03-22,EQ_A,SWING,242,M04,0.9986,99.23,178.98,2.191,100.99,61.88,0.810,240.32,418.9,17.35,99.64,97.42,OK,0,0,PASS
B0243,2026-03-22,EQ_B,NIGHT,243,M04,1.0094,99.83,182.51,2.322,102.29,60.12,0.799,240.77,414.5,17.15,99.97,96.80,OK,0,0,PASS
B0244,2026-03-23,EQ_C,DAY,244,M04,0.9774,99.43,179.09,2.357,100.78,63.05,0.834,230.89,437.8,17.78,100.31,96.48,NG,0,0,PASS
B0245,2026-03-23,EQ_C,SWING,245,M04,1.0042,100.39,183.04,2.271,103.23,60.21,0.845,246.33,406.2,18.62,99.09,96.65,OK,0,0,PASS
B0246,2026-03-23,EQ_C,NIGHT,246,M04,1.0106,99.66,178.73,2.308,101.48,63.11,0.801,238.33,437.8,17.92,100.17,96.81,OK,0,0,PASS
B0247,2026-03-24,EQ_C,DAY,247,M03,1.0068,99.84,179.93,2.266,100.08,64.61,0.813,252.53,448.7,18.11,98.95,96.11,OK,0,0,PASS
B0248,2026-03-24,EQ_B,SWING,248,M04,1.0145,99.12,178.92,2.309,104.79,55.05,0.828,237.36,427.6,17.97,100.13,96.31,NG,0,0,PASS
B0249,2026-03-24,EQ_B,NIGHT,249,M04,1.0077,101.23,177.57,2.137,97.25,57.18,0.859,231.01,437.6,18.79,100.12,95.74,NG,0,0,PASS
B0250,2026-03-25,EQ_A,DAY,250,M04,1.0004,99.42,179.72,2.214,104.78,55.63,0.854,230.42,410.9,17.24,99.59,96.14,OK,0,0,PASS
B0251,2026-03-25,EQ_A,SWING,251,M04,1.0038,99.42,177.51,2.262,100.99,62.83,0.804,231.97,443.5,19.15,99.17,97.10,OK,0,0,PASS
B0252,2026-03-25,EQ_C,NIGHT,252,M04,1.0043,99.55,178.75,2.220,101.31,60.74,0.774,242.63,431.1,18.15,100.49,96.42,OK,0,0,PASS
B0253,2026-03-26,EQ_B,DAY,253,M04,1.0008,99.59,184.39,2.511,100.79,62.74,0.769,243.79,424.2,17.69,100.12,96.07,OK,0,0,PASS
B0254,2026-03-26,EQ_C,SWING,254,M04,0.9926,100.07,178.72,2.208,98.78,59.47,0.826,233.52,441.7,18.27,100.47,96.81,NG,0,0,PASS
B0255,2026-03-26,EQ_C,NIGHT,255,M04,0.9886,100.15,177.81,2.244,103.87,57.26,0.798,234.26,432.9,17.14,100.42,95.98,OK,0,0,PASS
B0256,2026-03-27,EQ_A,DAY,256,M04,1.0054,100.45,177.38,2.219,100.85,57.03,0.801,224.39,423.4,18.35,99.48,96.87,OK,0,0,PASS
B0257,2026-03-27,EQ_B,SWING,257,M04,0.9854,100.43,182.32,2.344,92.73,64.55,0.792,252.45,446.7,18.11,99.15,95.65,NG,0,0,PASS
B0258,2026-03-27,EQ_C,NIGHT,258,M03,0.9985,102.23,180.24,2.132,102.69,57.63,0.750,231.15,444.4,19.20,99.31,97.85,OK,0,0,PASS
B0259,2026-03-28,EQ_C,DAY,259,M04,0.9888,100.21,179.38,2.300,100.35,61.69,0.750,244.17,448.2,18.62,99.14,97.60,OK,0,0,PASS
B0260,2026-03-28,EQ_B,SWING,260,M04,1.0029,100.56,177.82,2.465,95.00,64.77,0.795,238.83,452.2,18.46,99.63,96.39,OK,0,0,PASS
B0261,2026-03-28,EQ_A,NIGHT,261,M04,0.9970,101.18,177.27,2.187,99.40,59.04,0.825,234.79,448.6,18.83,98.91,96.56,OK,0,0,PASS
B0262,2026-03-29,EQ_B,DAY,262,M04,0.9865,100.51,177.62,2.401,102.21,58.29,0.851,233.64,413.8,19.06,100.33,95.93,OK,0,0,PASS
B0263,2026-03-29,EQ_A,SWING,263,M04,0.9989,98.42,184.62,2.314,102.06,56.58,0.775,231.55,393.7,18.20,98.89,95.12,OK,0,0,PASS
B0264,2026-03-29,EQ_B,NIGHT,264,M04,1.0080,99.47,178.67,2.375,93.94,58.63,0.778,240.07,431.0,17.91,100.36,96.71,OK,0,0,PASS
B0265,2026-03-30,EQ_A,DAY,265,M04,0.9911,98.31,178.46,2.306,98.00,56.77,0.820,231.86,413.1,17.06,99.71,95.95,OK,0,0,PASS
B0266,2026-03-30,EQ_A,SWING,266,M04,0.9961,99.33,178.53,2.135,102.35,64.27,0.788,233.91,432.1,18.51,99.26,95.92,OK,0,0,PASS
B0267,2026-03-30,EQ_C,NIGHT,267,M04,1.0050,99.26,180.49,2.313,104.41,55.71,0.779,230.69,413.2,17.32,98.89,96.97,OK,0,0,PASS
B0268,2026-03-31,EQ_B,DAY,268,M04,1.0054,99.16,181.48,2.402,100.99,60.54,0.781,242.19,423.6,17.58,100.12,96.02,NG,0,0,PASS
B0269,2026-03-31,EQ_B,SWING,269,M05,1.0088,100.24,182.75,2.391,102.09,60.70,0.813,247.38,441.4,18.49,99.42,96.06,OK,0,0,PASS
B0270,2026-03-31,EQ_A,NIGHT,270,M05,1.0054,101.61,182.47,2.276,103.43,55.18,0.861,243.18,430.1,17.75,100.42,95.80,OK,0,0,PASS
B0271,2026-04-01,EQ_A,DAY,271,M05,0.9856,100.99,179.09,2.244,101.15,61.18,0.796,231.01,442.2,19.21,99.70,96.38,OK,0,0,PASS
B0272,2026-04-01,EQ_C,SWING,272,M03,0.9880,101.04,179.64,2.380,96.57,65.28,0.813,245.25,435.1,18.31,99.73,96.62,OK,0,0,PASS
B0273,2026-04-01,EQ_C,NIGHT,273,M05,1.0019,100.54,175.24,2.194,104.52,60.26,0.832,231.64,451.6,18.02,99.92,95.93,NG,0,0,PASS
B0274,2026-04-02,EQ_C,DAY,274,M12,0.9986,101.42,181.61,2.326,98.97,59.92,0.819,235.40,439.9,17.66,99.78,96.66,OK,0,0,PASS
B0275,2026-04-02,EQ_B,SWING,275,M05,0.9955,100.55,178.18,2.319,102.24,54.28,0.820,235.50,429.3,17.97,100.69,95.83,OK,0,0,PASS
B0276,2026-04-02,EQ_B,NIGHT,276,M05,0.9795,100.80,178.60,2.337,105.52,63.12,0.867,240.24,448.8,18.98,99.81,96.63,OK,0,0,PASS
B0277,2026-04-03,EQ_A,DAY,277,M05,1.0042,101.01,181.50,2.287,102.01,56.36,0.870,234.96,431.4,18.09,99.61,95.39,OK,0,0,PASS
B0278,2026-04-03,EQ_A,SWING,278,M05,1.0014,101.51,179.86,2.468,95.04,57.04,0.807,235.52,435.0,18.19,99.57,97.50,OK,0,0,PASS
B0279,2026-04-03,EQ_B,NIGHT,279,M05,0.9913,101.25,180.20,2.331,102.69,55.53,0.849,242.03,418.4,17.63,99.45,97.25,OK,0,0,PASS
B0280,2026-04-04,EQ_B,DAY,280,M05,1.0009,100.14,178.55,2.174,98.68,63.34,0.835,236.76,450.3,18.63,99.78,97.00,OK,0,0,PASS
B0281,2026-04-04,EQ_C,SWING,281,M05,1.0081,101.21,177.71,2.183,99.65,58.08,0.735,241.01,441.3,17.98,99.46,96.95,OK,0,0,PASS
B0282,2026-04-04,EQ_C,NIGHT,282,M05,1.0008,100.48,178.63,2.354,103.81,58.73,0.764,238.16,435.9,18.04,99.96,96.82,OK,0,0,PASS
B0283,2026-04-05,EQ_B,DAY,283,M05,1.0051,101.51,183.54,2.538,97.68,58.12,0.801,243.46,422.8,17.91,98.84,96.13,OK,0,0,PASS
B0285,2026-04-05,EQ_C,NIGHT,285,M05,1.0067,102.67,176.09,2.184,102.64,54.22,0.791,224.91,452.1,17.71,98.24,95.82,NG,0,0,PASS
B0286,2026-04-06,EQ_B,DAY,286,M05,1.0026,101.14,181.76,2.298,100.90,60.62,0.833,246.50,423.2,17.54,99.77,95.63,OK,0,0,PASS
B0287,2026-04-06,EQ_A,SWING,287,M05,0.9939,99.96,179.27,2.249,96.06,60.76,0.857,233.36,415.0,18.28,99.69,96.20,OK,0,0,PASS
B0288,2026-04-06,EQ_C,NIGHT,288,M05,0.9890,100.19,182.14,2.405,97.35,61.74,0.827,248.38,432.2,18.80,99.22,97.07,OK,0,0,PASS
B0289,2026-04-07,EQ_B,DAY,289,M12,0.9952,99.89,181.31,2.345,104.87,58.40,0.861,241.85,422.3,18.11,100.41,96.92,OK,0,0,PASS
B0290,2026-04-07,EQ_A,SWING,290,M05,1.0098,99.71,180.26,2.330,97.84,62.41,0.780,243.76,446.7,18.00,99.94,96.17,OK,0,0,PASS
B0291,2026-04-07,EQ_B,NIGHT,291,M05,1.0091,100.46,182.28,2.316,99.48,59.48,0.865,238.01,442.6,19.04,99.40,95.72,OK,0,0,PASS
B0292,2026-04-08,EQ_C,DAY,292,M06,0.9910,98.61,176.93,2.214,104.23,59.76,0.791,224.40,433.0,18.01,99.59,96.40,NG,0,0,PASS
B0293,2026-04-08,EQ_A,SWING,293,M05,0.9946,101.60,179.74,2.320,102.23,55.31,0.801,233.69,421.3,17.16,98.97,96.96,OK,0,0,PASS
B0294,2026-04-08,EQ_A,NIGHT,294,M05,0.9921,101.69,181.81,2.232,100.76,58.68,0.837,237.06,435.4,18.04,99.95,96.15,OK,0,0,PASS
B0295,2026-04-09,EQ_B,DAY,295,M05,0.9820,100.32,182.22,2.280,102.85,63.53,0.827,246.77,431.2,18.37,99.11,96.30,OK,0,0,PASS
B0296,2026-04-09,EQ_A,SWING,296,M05,0.9858,101.10,184.69,2.347,107.91,58.97,0.814,242.58,413.1,17.34,99.27,94.85,OK,0,0,PASS
B0297,2026-04-09,EQ_B,NIGHT,297,M05,0.9961,100.89,183.70,2.388,104.13,57.22,0.828,235.83,397.8,16.94,100.46,96.25,NG,0,0,PASS
B0298,2026-04-10,EQ_B,DAY,298,M05,1.0189,100.38,178.36,2.356,95.11,63.17,0.826,241.55,469.4,18.66,100.00,96.21,OK,0,0,PASS
B0299,2026-04-10,EQ_B,SWING,299,M05,1.0117,100.61,182.66,2.519,97.85,58.87,0.816,238.57,434.6,18.57,99.12,96.67,OK,0,0,PASS
B0300,2026-04-10,EQ_B,NIGHT,300,M05,0.9863,100.98,178.93,2.350,99.43,55.75,0.839,235.84,423.5,17.66,99.74,96.39,OK,0,0,PASS
B0301,2026-04-11,EQ_C,DAY,301,M05,1.0007,100.83,178.72,2.238,101.37,57.11,0.785,232.21,438.1,17.46,100.25,97.06,NG,0,0,PASS
B0302,2026-04-11,EQ_B,SWING,302,M03,1.0119,101.23,174.92,2.303,103.63,58.80,0.871,234.54,447.2,18.48,98.87,94.51,OK,0,0,PASS
B0303,2026-04-11,EQ_A,NIGHT,303,M05,1.0141,101.53,180.08,2.424,101.23,59.24,0.845,232.25,445.4,17.17,100.07,97.11,OK,0,0,PASS
B0304,2026-04-12,EQ_A,DAY,304,M05,0.9809,101.07,181.00,2.326,93.60,60.01,0.864,238.99,423.0,18.27,99.51,96.99,OK,0,0,PASS
B0305,2026-04-12,EQ_C,SWING,305,M05,1.0011,100.87,179.34,2.070,92.66,62.53,0.809,238.79,441.8,17.97,100.31,96.85,OK,0,0,PASS
B0306,2026-04-12,EQ_A,NIGHT,306,M05,1.0083,101.68,178.52,2.275,99.73,59.49,0.772,238.23,428.8,18.55,99.10,95.04,NG,0,0,PASS
B0307,2026-04-13,EQ_C,DAY,307,M09,0.9887,98.13,180.16,2.326,107.34,55.25,0.790,234.83,400.4,17.45,100.10,97.62,OK,0,0,PASS
B0308,2026-04-13,EQ_A,SWING,308,M05,0.9999,99.82,181.25,2.376,96.38,62.33,0.815,242.00,456.1,16.71,100.09,96.86,OK,0,0,PASS
B0309,2026-04-13,EQ_B,NIGHT,309,M05,1.0103,100.15,185.88,2.442,92.48,60.82,0.734,239.93,428.7,18.31,97.51,96.65,NG,0,2,REVIEW
B0310,2026-04-14,EQ_B,DAY,310,M05,1.0056,100.32,180.75,2.299,98.47,63.51,0.813,254.54,460.8,17.96,100.01,95.82,OK,0,0,PASS
B0311,2026-04-14,EQ_C,SWING,311,M05,0.9953,101.58,181.39,2.324,96.73,57.33,0.762,243.66,425.9,18.10,98.89,96.62,OK,0,0,PASS
B0312,2026-04-14,EQ_A,NIGHT,312,M05,0.9982,101.69,180.56,2.167,91.62,67.42,0.816,236.19,451.6,18.63,98.41,95.92,OK,0,0,PASS
B0313,2026-04-15,EQ_A,DAY,313,M05,1.0085,101.35,179.68,2.300,99.00,62.92,0.785,241.06,457.6,18.64,99.83,97.95,OK,0,0,PASS
B0314,2026-04-15,EQ_C,SWING,314,M05,1.0074,100.20,178.73,2.101,93.69,62.95,0.803,225.74,439.4,18.67,99.91,96.59,OK,0,0,PASS
B0315,2026-04-15,EQ_A,NIGHT,315,M05,1.0140,101.39,178.54,2.328,96.96,62.73,0.804,239.53,461.2,18.87,99.87,96.32,OK,0,0,PASS
B0317,2026-04-16,EQ_B,SWING,317,M05,1.0008,101.08,184.69,2.372,103.32,62.03,0.850,252.69,451.4,18.44,99.22,95.24,NG,0,0,PASS
B0318,2026-04-16,EQ_B,NIGHT,318,M05,0.9929,101.77,182.77,2.247,106.18,57.57,0.826,239.50,435.7,17.06,99.85,95.70,OK,0,0,PASS
B0319,2026-04-17,EQ_A,DAY,319,M05,0.9802,100.79,180.32,2.454,99.34,58.22,0.877,229.81,432.3,18.49,99.86,96.56,NG,0,0,PASS
B0320,2026-04-17,EQ_A,SWING,320,M10,0.9987,100.74,178.51,2.144,100.41,58.47,0.802,234.38,455.4,18.48,99.99,97.30,OK,0,0,PASS
B0321,2026-04-17,EQ_C,NIGHT,321,M05,0.9948,100.29,179.31,2.148,96.80,58.50,0.745,238.57,414.7,17.19,99.57,96.59,NG,0,0,PASS
B0322,2026-04-18,EQ_C,DAY,322,M05,0.9947,100.69,181.08,2.211,91.62,61.76,0.865,245.05,419.0,18.35,99.49,96.50,OK,0,0,PASS
B0323,2026-04-18,EQ_A,SWING,323,M05,1.0041,99.33,179.82,2.320,96.52,61.63,0.749,241.09,433.4,17.04,98.61,98.41,OK,0,1,REVIEW
B0324,2026-04-18,EQ_A,NIGHT,324,M11,0.9969,99.26,180.56,2.307,103.40,56.75,0.807,236.54,401.6,17.61,100.32,97.25,OK,0,0,PASS
B0325,2026-04-19,EQ_B,DAY,325,M05,1.0141,100.87,182.04,2.340,98.71,56.21,0.842,235.48,443.1,17.54,99.40,95.60,NG,0,0,PASS
B0326,2026-04-19,EQ_B,SWING,326,M05,1.0076,101.01,181.31,2.370,102.01,60.39,0.820,238.53,444.1,19.13,99.88,96.57,OK,0,0,PASS
B0327,2026-04-19,EQ_B,NIGHT,327,M05,1.0046,101.18,177.32,2.219,101.95,58.73,0.807,233.91,431.1,18.40,99.63,95.83,OK,0,0,PASS
B0329,2026-04-20,EQ_A,SWING,329,M05,1.0200,101.16,179.94,2.370,102.27,57.66,0.784,229.66,454.5,18.30,99.25,97.63,OK,0,0,PASS
B0330,2026-04-20,EQ_B,NIGHT,330,M06,0.9799,99.07,183.20,2.388,109.80,51.22,0.749,240.36,390.9,17.56,98.57,96.39,NG,0,0,PASS
B0331,2026-04-21,EQ_A,DAY,331,M05,0.9920,101.00,178.43,2.245,98.27,59.90,0.783,224.77,439.1,19.07,99.62,96.35,OK,0,0,PASS
B0332,2026-04-21,EQ_A,SWING,332,M05,1.0128,100.92,176.23,2.199,98.75,55.83,0.842,227.83,441.8,17.93,99.01,95.98,OK,0,0,PASS
B0333,2026-04-21,EQ_B,NIGHT,333,M05,1.0003,100.33,180.22,2.403,102.44,57.43,0.774,228.70,423.8,17.74,99.93,97.12,NG,0,0,PASS
B0334,2026-04-22,EQ_B,DAY,334,M05,1.0049,100.83,180.86,2.393,101.80,57.14,0.801,233.65,435.7,17.46,99.71,96.96,OK,0,0,PASS
B0335,2026-04-22,EQ_A,SWING,335,M05,1.0113,99.97,178.63,2.264,97.82,58.60,0.851,226.75,424.8,17.15,99.19,97.38,OK,0,0,PASS
B0336,2026-04-22,EQ_B,NIGHT,336,M06,0.9888,99.51,179.35,2.427,101.78,54.68,0.819,229.95,417.8,17.44,99.51,96.34,NG,0,0,PASS
B0337,2026-04-23,EQ_A,DAY,337,M06,0.9989,99.27,183.23,2.408,107.87,54.86,0.857,237.33,408.2,17.70,98.97,95.96,NG,0,0,PASS
B0338,2026-04-23,EQ_A,SWING,338,M06,0.9979,99.15,180.53,2.281,98.98,63.40,0.813,237.69,434.1,17.59,100.30,96.49,OK,0,0,PASS
B0339,2026-04-23,EQ_B,NIGHT,339,M06,0.9929,99.83,180.01,2.297,98.58,66.51,0.818,246.61,445.9,18.50,99.74,95.48,OK,0,0,PASS
B0340,2026-04-24,EQ_C,DAY,340,M06,0.9972,99.67,178.69,2.170,103.25,60.52,0.842,240.30,415.3,18.36,99.85,96.47,OK,0,0,PASS
B0341,2026-04-24,EQ_A,SWING,341,M06,1.0087,98.94,181.25,2.337,101.70,59.35,0.825,234.81,425.1,17.57,100.70,97.38,OK,0,0,PASS
B0342,2026-04-24,EQ_A,NIGHT,342,M06,1.0086,98.90,178.82,2.311,101.98,57.38,0.843,241.80,419.4,17.54,99.47,96.81,OK,0,0,PASS
B0343,2026-04-25,EQ_A,DAY,343,M06,1.0156,99.27,183.67,2.443,105.96,56.44,0.808,239.64,399.9,16.96,99.31,95.22,OK,0,0,PASS
B0344,2026-04-25,EQ_A,SWING,344,M06,0.9988,98.66,178.70,2.220,95.84,59.29,0.816,229.96,429.1,17.22,99.68,96.81,OK,0,0,PASS
B0345,2026-04-25,EQ_A,NIGHT,345,M06,1.0085,100.31,175.75,2.159,99.82,59.03,0.752,229.64,437.9,18.10,98.44,95.65,NG,0,0,PASS
B0346,2026-04-26,EQ_A,DAY,346,M06,0.9920,98.30,185.13,2.399,101.14,56.60,0.757,240.28,390.0,16.64,97.96,95.60,OK,0,1,REVIEW
B0347,2026-04-26,EQ_B,SWING,347,M06,0.9936,98.83,180.47,2.340,98.33,61.87,0.707,242.67,430.5,17.21,100.20,96.98,NG,0,1,REVIEW
B0348,2026-04-26,EQ_B,NIGHT,348,M06,0.9798,98.91,179.78,2.371,100.38,60.70,0.855,250.41,410.5,19.60,99.53,97.26,OK,0,0,PASS
B0349,2026-04-27,EQ_A,DAY,349,M06,0.9911,99.84,181.22,2.447,107.96,52.24,0.807,226.02,407.0,17.73,100.11,96.84,OK,0,0,PASS
B0350,2026-04-27,EQ_B,SWING,350,M09,1.0057,99.06,179.65,2.255,101.75,58.24,0.819,241.88,430.2,18.16,98.57,97.50,OK,0,0,PASS
B0351,2026-04-27,EQ_C,NIGHT,351,M06,1.0076,99.47,183.78,2.456,104.11,59.18,0.843,243.29,431.0,17.79,99.48,95.82,OK,0,0,PASS
B0352,2026-04-28,EQ_B,DAY,352,M06,0.9956,100.39,180.89,2.346,98.54,61.37,0.805,240.64,432.7,17.93,100.05,96.31,OK,0,0,PASS
B0353,2026-04-28,EQ_B,SWING,353,M06,0.9993,98.20,179.05,2.288,102.53,57.36,0.788,242.25,427.7,16.40,99.51,96.40,OK,0,0,PASS
B0354,2026-04-28,EQ_B,NIGHT,354,M06,0.9910,98.78,180.11,2.327,104.20,55.45,0.833,255.33,388.5,18.14,99.30,96.28,OK,0,0,PASS
B0355,2026-04-29,EQ_C,DAY,355,M06,0.9897,98.94,180.28,2.413,98.57,60.10,0.822,236.37,418.7,17.23,100.83,97.45,OK,0,0,PASS
B0356,2026-04-29,EQ_A,SWING,356,M06,0.9912,98.52,182.33,2.432,109.84,58.31,0.783,238.61,407.2,18.09,100.30,96.57,OK,0,0,PASS
B0357,2026-04-29,EQ_B,NIGHT,357,M06,0.9989,97.97,183.34,2.418,100.38,56.74,0.823,244.04,387.0,17.52,99.43,95.42,OK,0,1,REVIEW
B0358,2026-04-30,EQ_A,DAY,358,M06,1.0099,99.96,180.01,2.203,100.31,60.24,0.815,233.26,447.8,17.73,99.61,97.53,OK,0,0,PASS
B0359,2026-04-30,EQ_B,SWING,359,M12,1.0073,101.61,178.74,2.206,98.47,57.15,0.805,231.99,453.1,19.04,100.17,96.24,OK,0,0,PASS
B0360,2026-04-30,EQ_B,NIGHT,360,M06,0.9916,99.42,181.64,2.337,102.65,56.60,0.797,248.18,413.4,17.20,99.32,95.92,OK,0,0,PASS
B0361,2026-05-01,EQ_C,DAY,361,M06,1.0167,98.57,182.60,2.281,99.22,60.09,0.814,242.88,398.2,18.64,98.89,96.05,NG,0,0,PASS
B0362,2026-05-01,EQ_A,SWING,362,M06,0.9943,100.57,178.35,2.283,105.76,60.97,0.865,232.88,457.2,17.38,100.76,95.56,OK,0,0,PASS
B0363,2026-05-01,EQ_A,NIGHT,363,M06,0.9995,99.83,179.13,2.223,98.64,60.39,0.828,231.47,445.3,18.01,99.46,97.53,OK,0,0,PASS
B0364,2026-05-02,EQ_A,DAY,364,M06,1.0001,99.22,184.41,2.423,90.42,65.94,0.833,252.24,423.4,18.57,99.42,95.39,NG,0,0,PASS
B0365,2026-05-02,EQ_B,SWING,365,M04,1.0156,99.82,180.75,2.384,102.65,64.08,0.785,246.59,462.7,19.42,99.30,96.43,OK,0,0,PASS
B0366,2026-05-02,EQ_A,NIGHT,366,M06,0.9935,99.20,183.61,2.271,103.22,59.07,0.805,243.41,433.8,18.26,99.10,96.11,NG,0,0,PASS
B0367,2026-05-03,EQ_B,DAY,367,M06,0.9992,99.62,180.50,2.352,105.02,54.51,0.821,234.02,412.2,17.48,99.86,97.63,OK,0,0,PASS
B0368,2026-05-03,EQ_C,SWING,368,M06,0.9965,98.31,179.87,2.337,98.22,58.07,0.808,231.20,421.2,18.65,99.62,96.32,OK,0,0,PASS
B0369,2026-05-03,EQ_C,NIGHT,369,M06,1.0029,99.17,177.98,2.149,99.29,62.55,0.779,226.49,433.5,17.98,99.23,96.16,OK,0,0,PASS
B0370,2026-05-04,EQ_B,DAY,370,M06,1.0156,98.85,178.64,2.247,102.33,56.56,0.812,228.21,418.3,17.61,99.57,96.71,OK,0,0,PASS
B0371,2026-05-04,EQ_C,SWING,371,M06,1.0096,98.78,178.74,2.313,98.59,61.23,0.886,229.86,431.5,17.11,99.29,95.95,OK,0,0,PASS
B0372,2026-05-04,EQ_C,NIGHT,372,M06,0.9848,99.25,178.68,2.232,98.98,58.40,0.818,235.12,408.2,17.77,99.85,97.11,OK,0,0,PASS
B0373,2026-05-05,EQ_C,DAY,373,M06,0.9862,99.75,178.06,2.242,94.96,60.39,0.833,234.08,424.7,17.70,100.03,96.05,OK,0,0,PASS
B0374,2026-05-05,EQ_B,SWING,374,M06,0.9985,99.39,182.49,2.325,100.67,61.58,0.860,243.91,416.9,17.96,99.25,96.81,OK,0,0,PASS
B0375,2026-05-05,EQ_A,NIGHT,375,M06,0.9932,98.97,181.67,2.274,98.26,60.51,0.801,231.43,417.0,18.40,100.64,96.06,NG,0,0,PASS
B0376,2026-05-06,EQ_A,DAY,376,M06,0.9951,99.44,176.66,2.266,103.74,62.56,0.833,228.45,436.0,18.46,99.64,96.39,OK,0,0,PASS
B0377,2026-05-06,EQ_B,SWING,377,M06,0.9951,99.22,179.91,2.365,96.45,60.43,0.811,233.96,412.2,17.83,100.81,95.98,OK,0,0,PASS
B0378,2026-05-06,EQ_A,NIGHT,378,M06,0.9911,99.15,193.56,2.352,103.82,57.00,0.804,234.22,408.1,16.96,99.69,97.37,OK,0,1,REVIEW
B0379,2026-05-07,EQ_C,DAY,379,M06,1.0004,98.77,182.89,2.479,98.61,61.99,0.830,246.72,428.6,17.54,99.40,96.68,OK,0,0,PASS
B0380,2026-05-07,EQ_A,SWING,380,M06,1.0071,100.14,184.33,2.384,104.94,59.86,0.864,237.51,422.6,17.73,99.73,95.32,OK,0,0,PASS
B0381,2026-05-07,EQ_A,NIGHT,381,M06,1.0029,100.05,182.52,2.269,105.94,62.26,0.830,233.09,446.7,17.30,99.62,95.83,OK,0,0,PASS
B0382,2026-05-08,EQ_A,DAY,382,M06,0.9990,98.85,177.71,2.208,106.60,61.85,0.832,231.57,408.0,16.98,99.91,96.68,OK,0,0,PASS
B0383,2026-05-08,EQ_A,SWING,383,M06,1.0026,99.04,176.49,2.239,95.74,62.22,0.839,225.38,431.3,18.53,99.36,96.13,OK,0,0,PASS
B0385,2026-05-09,EQ_A,DAY,385,M06,0.9990,100.17,180.64,2.417,99.23,60.69,0.842,239.67,434.4,18.07,98.92,96.98,OK,0,0,PASS
B0386,2026-05-09,EQ_C,SWING,386,M06,1.0011,99.44,180.40,2.317,99.20,61.09,0.814,244.74,434.9,18.19,99.84,96.40,OK,0,0,PASS
B0387,2026-05-09,EQ_B,NIGHT,387,M06,0.9996,99.24,178.79,2.242,99.95,59.91,0.842,243.21,427.9,18.66,100.23,96.67,OK,0,0,PASS
B0388,2026-05-10,EQ_C,DAY,388,M06,0.9865,98.54,182.47,2.291,96.51,64.57,0.775,244.01,426.2,18.02,99.56,95.55,OK,0,0,PASS
B0389,2026-05-10,EQ_A,SWING,389,M06,1.0000,99.33,177.57,2.184,101.89,55.14,0.877,224.82,418.2,17.91,99.48,96.03,OK,0,0,PASS
B0391,2026-05-11,EQ_C,DAY,391,M05,1.0160,101.49,179.68,2.181,96.43,59.41,0.870,226.63,451.0,18.76,100.44,97.24,OK,0,0,PASS
B0392,2026-05-11,EQ_A,SWING,392,M06,0.9992,98.73,179.41,2.243,103.29,59.69,0.801,242.11,406.4,17.91,100.69,96.18,OK,0,0,PASS
B0393,2026-05-11,EQ_B,NIGHT,393,M06,0.9879,100.07,178.95,2.264,98.45,59.59,0.841,240.95,442.5,17.92,98.62,97.24,OK,0,0,PASS
B0394,2026-05-12,EQ_B,DAY,394,M06,0.9990,98.95,182.52,2.306,100.19,64.35,0.879,244.35,430.0,17.58,99.06,96.23,OK,0,0,PASS
B0395,2026-05-12,EQ_A,SWING,395,M06,0.9991,99.50,178.32,2.435,102.81,58.48,0.829,235.85,409.2,17.09,99.73,95.88,OK,0,0,PASS
B0396,2026-05-12,EQ_A,NIGHT,396,M06,0.9927,98.87,177.87,2.181,95.00,63.89,0.882,245.76,419.7,16.93,99.35,96.89,NG,0,0,PASS
B0397,2026-05-13,EQ_A,DAY,397,M06,0.9869,99.84,179.95,2.298,97.30,64.04,0.780,244.04,420.6,18.91,100.05,97.37,OK,0,0,PASS
B0398,2026-05-13,EQ_A,SWING,398,M06,1.0025,100.29,177.54,2.135,99.54,57.94,0.854,231.48,419.5,17.49,98.73,96.87,OK,0,0,PASS
B0399,2026-05-13,EQ_B,NIGHT,399,M06,1.0031,99.53,180.01,2.324,98.65,62.27,0.774,241.82,454.4,17.38,99.95,97.04,OK,0,0,PASS
B0400,2026-05-14,EQ_A,DAY,400,M06,0.9929,98.87,178.47,2.197,105.09,55.22,0.777,227.33,423.5,17.29,99.27,97.67,OK,0,0,PASS
B0401,2026-05-14,EQ_A,SWING,401,M06,1.0039,98.78,179.60,2.341,97.20,62.80,0.843,232.47,448.0,16.93,99.96,96.87,NG,0,0,PASS
B0402,2026-05-14,EQ_B,NIGHT,402,M06,0.9869,99.08,182.02,2.376,99.04,57.68,0.815,236.62,416.1,17.98,100.26,97.48,OK,0,0,PASS
B0403,2026-05-15,EQ_A,DAY,403,M07,0.9946,100.12,178.48,2.288,104.45,51.53,0.814,229.50,422.5,18.02,100.15,96.76,OK,0,0,PASS
B0404,2026-05-15,EQ_A,SWING,404,M07,1.0026,99.17,176.09,2.402,102.13,61.19,0.842,228.29,425.2,18.88,99.96,95.97,OK,0,0,PASS
B0405,2026-05-15,EQ_B,NIGHT,405,M07,0.9948,100.50,182.41,2.273,101.71,57.70,0.834,243.92,409.5,17.42,99.41,97.15,OK,0,0,PASS
B0406,2026-05-16,EQ_A,DAY,406,M07,0.9930,99.78,178.14,2.239,98.91,63.80,0.867,220.87,441.7,17.98,99.06,95.64,NG,0,0,PASS
B0407,2026-05-16,EQ_A,SWING,407,M07,1.0037,100.57,177.09,2.255,97.52,59.28,0.813,235.15,431.1,18.19,100.18,97.13,OK,0,0,PASS
B0408,2026-05-16,EQ_A,NIGHT,408,M07,1.0005,99.71,184.40,2.348,99.89,62.05,0.753,247.46,416.4,18.64,98.58,95.81,OK,0,0,PASS
B0409,2026-05-17,EQ_C,DAY,409,M07,0.9901,100.29,179.53,2.114,102.94,61.30,0.856,242.10,442.4,18.12,99.63,96.98,OK,0,0,PASS
B0410,2026-05-17,EQ_A,SWING,410,M07,1.0004,100.52,181.49,2.334,102.32,64.58,0.821,236.33,436.4,18.52,99.73,96.64,NG,0,0,PASS
B0411,2026-05-17,EQ_B,NIGHT,411,M07,1.0064,100.35,180.84,2.352,98.54,68.41,0.767,248.28,450.5,18.76,99.55,95.73,NG,0,0,PASS
B0412,2026-05-18,EQ_A,DAY,412,M07,0.9954,99.80,179.08,2.278,95.42,62.75,0.837,236.78,436.3,18.11,99.41,96.40,OK,0,0,PASS
B0413,2026-05-18,EQ_B,SWING,413,M07,1.0040,100.84,180.67,2.302,101.38,57.56,0.854,232.12,409.3,16.84,99.75,97.27,OK,0,0,PASS
B0414,2026-05-18,EQ_C,NIGHT,414,M07,0.9962,101.02,179.94,2.190,102.62,59.92,0.852,230.57,436.4,17.66,100.25,97.46,OK,0,0,PASS
B0415,2026-05-19,EQ_A,DAY,415,M07,1.0111,101.62,179.85,2.301,94.74,61.64,0.829,237.65,468.0,18.69,99.11,96.81,OK,0,0,PASS
B0416,2026-05-19,EQ_B,SWING,416,M08,1.0055,101.14,178.31,2.455,100.81,58.20,0.801,241.48,437.4,18.73,99.48,95.92,OK,0,0,PASS
B0417,2026-05-19,EQ_C,NIGHT,417,M12,0.9966,101.11,181.44,2.242,99.18,56.28,0.785,236.60,426.8,17.09,99.59,96.87,OK,0,0,PASS
B0418,2026-05-20,EQ_A,DAY,418,M07,1.0096,99.90,180.91,2.451,99.88,63.03,0.865,232.31,471.1,18.41,99.48,96.14,OK,0,0,PASS
B0419,2026-05-20,EQ_B,SWING,419,M07,1.0223,99.79,179.42,2.369,96.53,56.83,0.853,235.98,431.1,17.16,99.99,96.89,OK,0,0,PASS
B0420,2026-05-20,EQ_B,NIGHT,420,M11,0.9904,100.73,184.94,2.437,96.65,61.41,0.881,245.37,438.9,17.91,97.75,94.94,OK,0,1,REVIEW
B0421,2026-05-21,EQ_B,DAY,421,M01,1.0122,98.69,179.38,2.349,98.66,58.92,0.841,242.20,419.8,16.90,100.55,96.23,NG,0,0,PASS
B0424,2026-05-22,EQ_A,DAY,424,M07,1.0101,98.94,178.72,2.184,97.19,64.88,0.782,227.19,456.8,16.88,98.49,96.13,OK,0,0,PASS
B0425,2026-05-22,EQ_A,SWING,425,M07,0.9901,99.97,177.11,2.129,94.10,60.63,0.848,229.36,442.4,18.05,99.52,96.45,NG,0,0,PASS
B0426,2026-05-22,EQ_B,NIGHT,426,M07,1.0125,100.84,179.48,2.353,98.97,65.53,0.824,242.81,453.1,18.05,100.10,96.56,NG,0,0,PASS
B0427,2026-05-23,EQ_A,DAY,427,M07,1.0066,100.63,179.20,2.174,99.34,58.98,0.822,234.74,432.2,17.72,99.23,96.35,OK,0,0,PASS
B0429,2026-05-23,EQ_C,NIGHT,429,M07,1.0017,100.21,176.16,2.109,105.00,53.05,0.846,218.92,427.7,18.14,100.43,96.30,OK,0,0,PASS
B0430,2026-05-24,EQ_B,DAY,430,M07,1.0151,100.29,178.25,2.277,101.17,60.98,0.829,235.71,423.1,18.39,99.75,96.80,OK,0,0,PASS
B0431,2026-05-24,EQ_C,SWING,431,M07,1.0091,99.72,177.86,2.282,100.21,57.50,0.839,232.14,430.3,17.75,98.58,96.67,OK,0,0,PASS
B0432,2026-05-24,EQ_A,NIGHT,432,M07,0.9949,99.31,176.37,2.112,93.68,63.95,0.802,231.43,446.7,18.32,99.26,95.66,OK,0,0,PASS
B0433,2026-05-25,EQ_B,DAY,433,M07,0.9841,99.13,179.81,2.267,94.30,63.91,0.844,240.17,419.6,18.61,99.57,96.01,OK,0,0,PASS
B0434,2026-05-25,EQ_C,SWING,434,M07,1.0066,101.37,183.16,2.372,99.54,54.97,0.812,237.56,437.9,17.79,99.76,95.98,OK,0,0,PASS
B0435,2026-05-25,EQ_C,NIGHT,435,M07,0.9863,100.44,177.49,2.249,105.58,55.30,0.787,231.33,416.3,17.90,99.37,96.56,OK,0,0,PASS
B0436,2026-05-26,EQ_A,DAY,436,M07,1.0025,100.68,177.77,2.228,108.85,51.85,0.828,222.30,413.5,17.77,99.90,96.60,OK,0,0,PASS
B0437,2026-05-26,EQ_C,SWING,437,M12,1.0173,101.40,177.87,2.318,98.01,64.03,0.786,243.51,445.3,16.96,99.48,96.57,OK,0,0,PASS
B0438,2026-05-26,EQ_A,NIGHT,438,M07,0.9896,100.84,178.80,2.308,91.95,68.18,0.842,244.44,454.6,18.86,98.71,95.58,OK,0,0,PASS
B0439,2026-05-27,EQ_C,DAY,439,M07,1.0014,101.14,177.72,2.236,99.67,63.80,0.872,227.67,464.8,17.99,99.44,95.63,NG,0,0,PASS
B0440,2026-05-27,EQ_A,SWING,440,M07,1.0101,99.67,181.47,2.351,102.23,56.90,0.840,236.32,421.9,16.69,98.52,97.31,OK,0,0,PASS
B0441,2026-05-27,EQ_B,NIGHT,441,M07,1.0032,100.83,182.45,2.377,102.00,55.32,0.814,242.86,427.4,18.12,99.76,96.56,NG,0,0,PASS
B0442,2026-05-28,EQ_C,DAY,442,M07,1.0037,100.46,175.91,2.164,93.76,61.27,0.807,227.45,429.6,18.74,100.16,95.33,NG,0,0,PASS
B0443,2026-05-28,EQ_A,SWING,443,M03,1.0011,100.89,180.13,2.285,92.66,65.16,0.787,243.08,461.1,17.78,99.63,96.07,OK,0,0,PASS
B0444,2026-05-28,EQ_B,NIGHT,444,M07,1.0045,100.40,184.20,2.414,97.26,59.64,0.773,244.09,416.4,17.77,99.05,95.69,NG,0,0,PASS
B0445,2026-05-29,EQ_C,DAY,445,M07,1.0007,100.39,176.52,2.133,101.97,54.55,0.777,226.64,398.5,18.17,99.62,96.42,OK,0,0,PASS
B0446,2026-05-29,EQ_B,SWING,446,M07,1.0072,101.12,181.85,2.520,100.65,59.54,0.816,243.08,420.7,19.52,99.31,97.06,NG,0,0,PASS
B0447,2026-05-29,EQ_B,NIGHT,447,M07,1.0030,100.12,181.32,2.193,97.61,61.92,0.840,240.19,426.1,17.95,100.21,96.41,OK,0,0,PASS
B0448,2026-05-30,EQ_A,DAY,448,M07,1.0067,99.83,179.89,2.406,100.20,58.55,0.790,227.35,416.9,18.03,99.58,97.41,OK,0,0,PASS
B0449,2026-05-30,EQ_A,SWING,449,M07,0.9783,100.04,179.94,2.304,95.85,61.45,0.765,235.56,442.7,18.84,99.61,98.41,OK,0,1,REVIEW
B0450,2026-05-30,EQ_A,NIGHT,450,M07,0.9991,101.62,178.87,2.360,102.16,63.26,0.859,232.97,446.2,19.12,98.94,96.22,OK,0,0,PASS
B0451,2026-05-31,EQ_B,DAY,451,M07,0.9886,100.58,179.14,2.324,105.82,62.79,0.847,240.16,448.6,18.20,99.71,96.77,NG,0,0,PASS
B0452,2026-05-31,EQ_C,SWING,452,M07,0.9984,99.47,176.53,2.159,103.36,59.28,0.769,232.83,434.8,17.46,98.98,95.99,OK,0,0,PASS
B0453,2026-05-31,EQ_C,NIGHT,453,M07,1.0110,99.87,178.87,2.256,103.30,60.89,0.846,239.08,453.1,17.99,100.29,97.52,OK,0,0,PASS
B0454,2026-06-01,EQ_A,DAY,454,M07,1.0004,101.53,181.90,2.371,95.65,58.30,0.812,239.72,431.3,17.89,100.57,96.87,OK,0,0,PASS
B0455,2026-06-01,EQ_B,SWING,455,M07,0.9881,99.86,181.42,2.369,112.60,55.25,0.827,241.19,413.4,18.16,99.70,96.25,OK,0,1,REVIEW
B0456,2026-06-01,EQ_C,NIGHT,456,M07,1.0004,100.45,181.65,2.318,101.39,59.84,0.837,233.55,437.8,18.57,99.68,97.20,OK,0,0,PASS
B0457,2026-06-02,EQ_A,DAY,457,M07,1.0022,99.72,179.67,2.229,102.62,61.15,0.855,233.68,423.9,18.00,100.72,97.01,OK,0,0,PASS
B0458,2026-06-02,EQ_B,SWING,458,M07,0.9959,101.14,183.48,2.411,106.97,54.99,0.793,240.25,426.2,18.06,99.31,96.21,OK,0,0,PASS
B0459,2026-06-02,EQ_A,NIGHT,459,M08,0.9979,102.72,183.88,2.324,96.18,59.73,0.813,246.71,447.1,18.72,99.22,95.69,OK,0,0,PASS
B0460,2026-06-03,EQ_A,DAY,460,M07,1.0044,100.18,178.63,2.399,101.08,56.27,0.829,223.77,412.0,17.90,100.39,96.10,OK,0,0,PASS
B0461,2026-06-03,EQ_B,SWING,461,M07,1.0141,101.03,180.95,2.251,98.58,64.57,0.820,244.01,438.8,18.18,100.22,95.43,OK,0,0,PASS
B0462,2026-06-03,EQ_A,NIGHT,462,M08,0.9963,101.52,179.50,2.102,105.16,61.08,0.889,241.96,445.8,17.67,98.83,95.96,OK,0,0,PASS
B0463,2026-06-04,EQ_C,DAY,463,M07,0.9960,99.62,181.19,2.230,91.28,60.23,0.814,234.56,423.0,18.75,100.56,97.47,NG,0,0,PASS
B0464,2026-06-04,EQ_C,SWING,464,M07,0.9997,100.06,181.95,2.355,102.48,62.74,0.822,250.81,437.1,18.81,99.46,96.15,OK,0,0,PASS
B0465,2026-06-04,EQ_B,NIGHT,465,M07,1.0087,100.34,180.51,2.404,105.06,58.47,0.755,240.34,442.0,17.64,100.72,97.62,OK,0,0,PASS
B0467,2026-06-05,EQ_B,SWING,467,M07,1.0156,99.89,180.57,2.378,97.54,67.91,0.794,246.09,478.8,19.42,98.31,94.98,OK,0,0,PASS
B0468,2026-06-05,EQ_A,NIGHT,468,M07,1.0117,100.72,181.03,2.366,105.03,54.80,0.797,227.09,426.2,18.07,100.25,96.54,OK,0,0,PASS
B0469,2026-06-06,EQ_A,DAY,469,M07,0.9993,99.71,178.85,2.373,95.89,62.67,0.816,243.23,440.9,18.50,100.43,97.71,OK,0,0,PASS
B0470,2026-06-06,EQ_A,SWING,470,M08,1.0158,101.05,182.12,2.365,101.60,58.94,0.743,232.78,452.0,18.61,99.78,96.39,OK,0,0,PASS
B0471,2026-06-06,EQ_A,NIGHT,471,M08,0.9940,100.75,179.84,2.286,94.81,64.55,0.763,236.55,465.1,17.93,99.55,97.00,NG,0,0,PASS
B0472,2026-06-07,EQ_C,DAY,472,M03,1.0100,100.91,181.15,2.333,100.77,59.34,0.825,237.05,441.0,17.70,100.05,96.86,OK,0,0,PASS
B0473,2026-06-07,EQ_A,SWING,473,M08,1.0099,102.30,182.22,2.411,95.96,66.10,0.835,248.51,449.1,19.26,98.91,94.96,NG,0,0,PASS
B0474,2026-06-07,EQ_A,NIGHT,474,M08,1.0023,99.95,177.63,2.250,90.67,67.93,0.783,242.61,443.1,18.19,98.47,95.23,OK,0,0,PASS
B0475,2026-06-08,EQ_B,DAY,475,M08,0.9988,101.66,181.41,2.396,98.86,58.75,0.822,234.24,427.6,17.42,99.07,96.74,OK,0,0,PASS
B0476,2026-06-08,EQ_B,SWING,476,M08,1.0082,100.91,180.73,2.316,100.84,65.54,0.875,240.42,451.3,18.40,99.74,96.07,NG,0,0,PASS
B0477,2026-06-08,EQ_C,NIGHT,477,M08,1.0118,100.55,180.68,2.313,95.47,60.52,0.832,250.38,443.8,18.41,100.17,96.87,OK,0,0,PASS
B0478,2026-06-09,EQ_A,DAY,478,M08,1.0077,100.44,183.55,2.326,100.95,58.36,0.854,250.09,433.0,19.00,99.77,95.79,OK,0,0,PASS
B0479,2026-06-09,EQ_B,SWING,479,M08,1.0146,100.29,180.43,2.266,102.69,58.20,0.811,237.93,431.4,17.31,99.47,96.50,OK,0,0,PASS
B0480,2026-06-09,EQ_C,NIGHT,480,M12,1.0031,101.29,177.78,2.147,97.67,61.57,0.757,237.02,462.9,18.46,99.99,96.09,OK,0,0,PASS
B0481,2026-06-10,EQ_A,DAY,481,M08,1.0146,101.73,179.12,2.361,109.20,59.56,0.809,227.86,452.2,18.35,100.05,97.06,OK,0,0,PASS
B0482,2026-06-10,EQ_B,SWING,482,M08,1.0135,101.38,181.41,2.368,98.90,56.86,0.814,240.79,431.1,18.09,98.51,97.40,NG,0,0,PASS
B0483,2026-06-10,EQ_C,NIGHT,483,M08,1.0106,101.00,183.34,2.393,97.84,60.40,0.863,243.68,423.0,17.43,99.50,95.97,NG,0,0,PASS
B0484,2026-06-11,EQ_A,DAY,484,M08,0.9907,100.82,184.03,2.340,97.48,58.32,0.750,229.88,411.4,18.19,99.84,96.66,NG,0,0,PASS
B0485,2026-06-11,EQ_A,SWING,485,M08,1.0099,102.20,179.89,2.330,99.72,58.54,0.778,223.82,438.4,19.50,99.97,95.87,OK,0,0,PASS
B0486,2026-06-11,EQ_C,NIGHT,486,M04,0.9979,101.00,178.29,2.199,103.35,57.61,0.875,219.33,429.7,17.46,99.61,96.71,OK,0,0,PASS
B0487,2026-06-12,EQ_B,DAY,487,M08,1.0165,101.97,182.80,2.348,99.79,64.25,0.820,249.27,436.5,19.65,99.12,95.46,OK,0,0,PASS
B0488,2026-06-12,EQ_B,SWING,488,M08,0.9981,100.63,180.94,2.296,96.08,60.77,0.821,237.86,451.7,17.66,99.22,97.94,OK,0,0,PASS
B0489,2026-06-12,EQ_A,NIGHT,489,M08,0.9972,101.75,178.59,2.309,101.30,59.94,0.783,231.24,441.2,19.19,100.29,96.62,OK,0,0,PASS
B0490,2026-06-13,EQ_C,DAY,490,M08,1.0172,102.44,181.20,2.254,98.36,55.72,0.869,235.38,424.6,18.38,99.63,96.84,OK,0,0,PASS
B0491,2026-06-13,EQ_C,SWING,491,M08,1.0059,101.16,175.53,2.216,95.14,63.95,0.821,229.42,467.6,18.55,99.06,94.80,OK,0,0,PASS
B0492,2026-06-13,EQ_A,NIGHT,492,M08,0.9931,101.20,180.94,2.473,91.29,66.09,0.820,238.08,454.9,18.45,99.48,96.52,OK,0,0,PASS
B0493,2026-06-14,EQ_A,DAY,493,M08,1.0279,100.05,179.01,2.313,102.23,53.80,0.807,221.66,405.4,17.52,100.07,97.33,OK,0,1,REVIEW
B0495,2026-06-14,EQ_A,NIGHT,495,M08,0.9969,101.99,178.95,2.344,93.83,63.64,0.796,235.62,461.5,18.78,98.97,96.47,OK,0,0,PASS
B0496,2026-06-15,EQ_B,DAY,496,M11,0.9966,99.28,175.65,2.065,102.38,58.70,0.844,235.83,419.3,18.02,99.56,96.03,NG,0,0,PASS
B0497,2026-06-15,EQ_C,SWING,497,M08,1.0106,100.71,178.17,2.205,95.97,55.89,0.844,234.38,433.8,19.02,99.86,97.68,OK,0,0,PASS
B0498,2026-06-15,EQ_C,NIGHT,498,M08,1.0060,101.38,181.57,2.397,100.09,58.01,0.795,238.52,443.9,18.26,99.98,95.93,OK,0,0,PASS
B0499,2026-06-16,EQ_B,DAY,499,M08,1.0281,101.29,181.12,2.262,92.18,62.66,0.841,242.06,454.4,18.40,99.58,97.42,OK,0,1,REVIEW
B0500,2026-06-16,EQ_C,SWING,500,M11,0.9974,99.68,178.28,2.274,107.58,56.66,0.821,229.38,410.1,17.56,99.85,96.04,OK,0,0,PASS
B0501,2026-06-16,EQ_C,NIGHT,501,M08,1.0167,100.81,180.21,2.234,99.86,59.06,0.854,234.51,426.5,18.34,99.61,97.00,OK,0,0,PASS
B0502,2026-06-17,EQ_A,DAY,502,M08,0.9978,101.73,181.91,2.326,100.70,64.96,0.825,244.85,460.3,19.15,99.28,95.86,OK,0,0,PASS
B0503,2026-06-17,EQ_A,SWING,503,M08,1.0116,101.04,179.24,2.234,100.18,59.64,0.822,231.15,452.1,17.75,100.04,97.26,OK,0,0,PASS
B0504,2026-06-17,EQ_C,NIGHT,504,M08,0.9958,100.08,178.58,2.250,92.14,58.56,0.834,238.79,411.6,17.47,100.73,96.67,OK,0,0,PASS
B0505,2026-06-18,EQ_C,DAY,505,M08,0.9963,101.62,183.06,2.466,98.46,60.25,0.863,226.17,450.0,19.26,99.56,95.43,OK,0,0,PASS
B0506,2026-06-18,EQ_C,SWING,506,M08,1.0004,101.38,179.43,2.328,94.20,59.73,0.810,244.27,417.6,17.77,100.15,96.24,OK,0,0,PASS
B0507,2026-06-18,EQ_C,NIGHT,507,M08,1.0136,101.47,180.62,2.395,95.81,60.63,0.788,239.02,444.6,18.64,99.08,97.78,OK,0,0,PASS
B0508,2026-06-19,EQ_C,DAY,508,M08,1.0038,101.52,177.80,2.302,103.13,57.98,0.826,237.92,435.1,17.94,99.67,96.65,OK,0,0,PASS
B0509,2026-06-19,EQ_B,SWING,509,M08,0.9986,101.43,178.18,2.283,99.74,59.34,0.912,236.54,440.1,19.10,99.61,96.40,OK,0,0,PASS
B0510,2026-06-19,EQ_A,NIGHT,510,M08,1.0045,101.07,179.22,2.195,94.72,61.92,0.809,233.60,462.0,16.74,99.41,97.58,NG,0,0,PASS
B0511,2026-06-20,EQ_A,DAY,511,M08,1.0036,101.48,178.05,2.366,94.43,59.00,0.788,234.25,467.3,18.67,99.89,96.16,OK,0,0,PASS
B0512,2026-06-20,EQ_B,SWING,512,M08,0.9983,101.30,181.06,2.168,99.46,58.99,0.820,246.39,426.7,18.05,100.62,97.15,OK,0,0,PASS
B0513,2026-06-20,EQ_A,NIGHT,513,M07,0.9969,101.69,181.20,2.385,95.75,60.32,0.806,235.34,427.9,18.06,99.98,97.26,OK,0,0,PASS
B0514,2026-06-21,EQ_A,DAY,514,M08,1.0073,100.71,179.53,2.369,103.19,56.76,0.863,238.64,447.7,18.33,100.75,97.96,OK,0,0,PASS
B0515,2026-06-21,EQ_A,SWING,515,M08,1.0038,101.91,180.18,2.271,97.02,65.43,0.783,232.72,457.1,19.79,99.85,96.87,OK,0,0,PASS
B0516,2026-06-21,EQ_C,NIGHT,516,M08,0.9925,101.35,181.78,2.195,105.67,64.43,0.833,257.02,451.5,17.69,99.56,95.53,NG,0,0,PASS
B0518,2026-06-22,EQ_B,SWING,518,M02,1.0051,99.87,179.83,2.326,104.02,59.50,0.861,241.51,440.1,18.72,100.11,97.17,OK,0,0,PASS
B0519,2026-06-22,EQ_C,NIGHT,519,M08,1.0008,101.90,182.12,2.257,94.99,60.58,0.811,243.20,431.6,18.63,99.36,96.50,OK,0,0,PASS
B0520,2026-06-23,EQ_A,DAY,520,M01,1.0069,99.55,177.84,2.217,98.02,62.23,0.835,238.16,433.8,20.02,99.11,96.29,OK,0,1,REVIEW
B0521,2026-06-23,EQ_B,SWING,521,M01,0.9797,98.75,183.88,2.304,100.75,60.80,0.804,243.20,383.2,17.62,98.73,96.02,OK,0,1,REVIEW
B0522,2026-06-23,EQ_C,NIGHT,522,M08,1.0048,100.53,178.29,2.185,93.61,65.59,0.856,248.49,457.5,18.50,99.77,95.17,OK,0,0,PASS
B0523,2026-06-24,EQ_A,DAY,523,M08,1.0114,101.61,177.47,2.146,102.60,55.30,0.801,228.24,434.9,18.46,99.25,96.78,OK,0,0,PASS
B0524,2026-06-24,EQ_C,SWING,524,M08,1.0030,101.33,184.36,2.394,99.40,62.91,0.841,243.27,458.3,18.92,99.39,95.77,OK,0,0,PASS
B0525,2026-06-24,EQ_C,NIGHT,525,M09,1.0097,99.54,183.68,2.348,100.24,66.67,0.850,243.52,444.7,18.62,99.87,95.81,OK,0,0,PASS
B0526,2026-06-25,EQ_B,DAY,526,M08,1.0006,100.99,183.68,2.352,97.93,64.86,0.823,250.58,452.8,18.15,99.07,96.22,OK,0,0,PASS
B0527,2026-06-25,EQ_C,SWING,527,M08,1.0035,101.29,179.37,2.334,96.95,66.14,0.836,240.05,456.5,19.24,99.09,96.00,NG,0,0,PASS
B0528,2026-06-25,EQ_C,NIGHT,528,M08,1.0049,101.60,178.61,2.257,95.20,58.19,0.842,236.26,439.9,18.43,100.21,95.29,OK,0,0,PASS
B0529,2026-06-26,EQ_C,DAY,529,M08,1.0099,102.09,177.61,2.185,107.01,54.17,0.823,231.48,443.4,18.46,99.45,95.53,OK,0,0,PASS
B0530,2026-06-26,EQ_B,SWING,530,M08,1.0028,101.44,179.49,2.384,94.69,61.57,0.837,238.57,449.2,18.86,99.67,96.55,NG,0,0,PASS
B0531,2026-06-26,EQ_A,NIGHT,531,M08,0.9990,100.67,182.98,2.387,98.81,60.26,0.832,243.59,418.2,17.02,99.75,96.46,NG,0,0,PASS
B0532,2026-06-27,EQ_A,DAY,532,M08,1.0011,100.87,181.15,2.314,102.17,58.83,0.798,232.63,441.1,18.90,100.38,96.77,OK,0,0,PASS
B0533,2026-06-27,EQ_B,SWING,533,M08,0.9958,101.34,179.64,2.407,101.66,59.72,0.823,239.06,447.5,18.23,99.32,96.70,OK,0,0,PASS
B0534,2026-06-27,EQ_B,NIGHT,534,M08,1.0057,101.69,174.91,2.357,91.27,60.96,0.800,240.21,443.4,18.55,98.31,94.52,OK,0,0,PASS
B0535,2026-06-28,EQ_B,DAY,535,M08,0.9908,100.62,179.56,2.229,99.77,59.91,0.866,244.15,442.7,17.74,99.16,96.57,OK,0,0,PASS
B0537,2026-06-28,EQ_A,NIGHT,537,M09,0.9940,99.56,184.73,2.346,106.19,57.73,0.790,232.17,408.1,17.73,99.71,95.68,OK,0,0,PASS
B0538,2026-06-29,EQ_B,DAY,538,M09,1.0120,99.18,178.95,2.147,95.37,61.67,0.846,245.45,433.4,18.27,98.93,96.72,OK,0,0,PASS
B0539,2026-06-29,EQ_B,SWING,539,M08,1.0031,101.53,181.49,2.425,98.36,59.85,0.782,235.65,443.0,17.73,99.88,96.96,OK,0,0,PASS
B0540,2026-06-29,EQ_B,NIGHT,540,M09,1.0085,98.70,182.58,2.263,92.22,69.87,0.843,253.32,439.1,17.97,99.25,93.98,OK,0,1,REVIEW
B0541,2026-06-30,EQ_C,DAY,541,M09,0.9950,99.07,178.03,2.190,103.01,61.26,0.749,231.69,437.1,17.99,99.32,96.11,OK,0,0,PASS
B0542,2026-06-30,EQ_C,SWING,542,M12,1.0020,100.97,181.34,2.311,106.96,58.53,0.791,242.30,440.3,18.67,100.63,95.65,NG,0,0,PASS
B0543,2026-06-30,EQ_C,NIGHT,543,M09,1.0005,98.59,183.02,2.512,89.50,65.98,0.845,245.38,437.2,18.08,99.04,96.78,OK,0,0,PASS
B0544,2026-07-01,EQ_B,DAY,544,M09,0.9992,98.55,175.35,2.225,93.10,60.62,0.769,244.20,439.1,18.45,98.61,96.39,OK,0,0,PASS
B0545,2026-07-01,EQ_B,SWING,545,M09,1.0017,98.72,183.80,2.364,90.65,64.90,0.855,248.40,425.9,17.53,99.07,94.53,OK,0,0,PASS
B0546,2026-07-01,EQ_C,NIGHT,546,M09,0.9888,99.69,181.07,2.329,95.67,64.05,0.865,232.43,435.6,18.27,99.21,96.86,OK,0,0,PASS
B0547,2026-07-02,EQ_B,DAY,547,M04,1.0023,99.70,181.22,2.345,97.64,63.51,0.887,249.79,436.4,17.71,99.16,96.47,NG,0,0,PASS
B0548,2026-07-02,EQ_A,SWING,548,M09,0.9836,99.03,179.02,2.220,103.50,59.88,0.790,237.64,411.6,16.90,99.55,97.49,OK,0,0,PASS
B0549,2026-07-02,EQ_A,NIGHT,549,M09,1.0021,99.69,179.24,2.231,104.68,54.76,0.828,238.18,421.0,17.49,100.27,97.37,OK,0,0,PASS
B0550,2026-07-03,EQ_C,DAY,550,M09,1.0009,100.32,181.50,2.439,103.23,62.74,0.877,241.99,453.9,17.94,100.78,97.01,OK,0,0,PASS
B0552,2026-07-03,EQ_B,NIGHT,552,M07,0.9965,100.21,180.31,2.386,96.41,64.45,0.826,248.62,449.5,17.66,99.80,95.51,OK,0,0,PASS
B0553,2026-07-04,EQ_B,DAY,553,M09,1.0026,99.88,182.55,2.356,100.28,56.09,0.839,246.36,416.6,17.78,99.85,95.51,OK,0,0,PASS
B0554,2026-07-04,EQ_A,SWING,554,M09,1.0119,99.18,185.29,2.450,103.14,57.74,0.885,243.81,419.2,17.47,98.03,96.08,NG,0,1,REVIEW
B0555,2026-07-04,EQ_B,NIGHT,555,M09,1.0191,98.88,178.14,2.298,95.66,58.15,0.835,241.57,448.8,17.15,100.12,96.13,OK,0,0,PASS
B0556,2026-07-05,EQ_A,DAY,556,M05,1.0103,101.27,177.64,2.224,92.08,63.38,0.870,243.03,455.6,18.56,98.56,96.58,OK,0,0,PASS
B0557,2026-07-05,EQ_A,SWING,557,M09,0.9879,99.39,180.78,2.349,100.02,59.12,0.819,238.76,408.3,17.92,99.58,97.34,OK,0,0,PASS
B0558,2026-07-05,EQ_B,NIGHT,558,M09,0.9969,99.86,177.54,2.450,102.28,61.94,0.793,246.64,444.3,18.18,99.74,96.24,OK,0,0,PASS
B0559,2026-07-06,EQ_B,DAY,559,M09,1.0064,100.74,175.39,2.078,103.06,60.12,0.834,246.93,448.5,18.26,99.17,96.38,OK,0,0,PASS
B0560,2026-07-06,EQ_C,SWING,560,M02,1.0133,99.70,180.01,2.115,101.11,63.34,0.789,243.20,438.1,17.59,99.93,95.94,OK,0,0,PASS
B0561,2026-07-06,EQ_B,NIGHT,561,M09,0.9852,99.88,179.84,2.335,95.99,64.23,0.812,249.67,439.5,18.00,99.42,96.63,OK,0,0,PASS
B0562,2026-07-07,EQ_A,DAY,562,M09,1.0059,99.31,180.88,2.181,101.33,63.16,0.804,238.40,444.3,18.33,100.00,96.21,OK,0,0,PASS
B0563,2026-07-07,EQ_A,SWING,563,M09,0.9943,99.59,181.75,2.424,103.05,60.09,0.782,233.49,415.9,18.40,99.32,95.89,OK,0,0,PASS
B0564,2026-07-07,EQ_B,NIGHT,564,M09,0.9973,99.31,183.89,2.424,107.38,61.30,0.871,256.82,411.4,18.40,100.19,96.77,OK,0,0,PASS
B0565,2026-07-08,EQ_C,DAY,565,M09,1.0134,100.17,176.44,2.113,99.01,61.03,0.807,239.15,440.2,17.49,99.12,97.14,OK,0,0,PASS
B0566,2026-07-08,EQ_C,SWING,566,M09,0.9848,98.79,182.54,2.329,108.79,61.41,0.821,238.17,416.3,17.53,99.42,95.52,NG,0,0,PASS
B0567,2026-07-08,EQ_B,NIGHT,567,M11,1.0004,100.40,181.48,2.275,103.83,61.03,0.843,247.16,429.3,18.42,98.97,97.36,OK,0,0,PASS
B0568,2026-07-09,EQ_C,DAY,568,M09,1.0175,98.83,181.23,2.338,95.78,65.61,0.820,254.93,427.9,17.28,99.37,95.09,OK,0,0,PASS
B0569,2026-07-09,EQ_A,SWING,569,M09,1.0013,98.68,180.09,2.365,101.18,55.32,0.823,242.82,395.8,18.31,100.16,97.34,OK,0,0,PASS
B0570,2026-07-09,EQ_C,NIGHT,570,M09,0.9891,100.07,181.25,2.247,102.39,65.51,0.777,256.87,425.9,17.83,99.56,96.26,OK,0,0,PASS
B0571,2026-07-10,EQ_B,DAY,571,M09,0.9931,99.10,178.90,2.305,102.51,56.96,0.793,237.93,419.5,17.80,99.23,96.93,OK,0,0,PASS
B0572,2026-07-10,EQ_B,SWING,572,M09,0.9841,99.57,182.99,2.268,104.59,65.44,0.853,246.54,411.6,18.73,98.75,95.02,OK,0,0,PASS
B0573,2026-07-10,EQ_B,NIGHT,573,M09,1.0058,99.31,183.01,2.390,95.54,59.31,0.837,244.51,413.5,16.65,99.61,95.65,OK,0,0,PASS
B0574,2026-07-11,EQ_B,DAY,574,M09,0.9883,98.40,176.42,2.422,96.03,62.54,0.805,242.61,426.5,17.02,100.02,95.61,OK,0,0,PASS
B0575,2026-07-11,EQ_C,SWING,575,M09,0.9964,100.34,178.61,2.157,103.08,56.91,0.862,232.24,434.7,17.90,99.63,96.72,OK,0,0,PASS
B0576,2026-07-11,EQ_A,NIGHT,576,M09,0.9928,100.40,175.80,2.301,99.53,61.01,0.812,237.67,443.2,17.15,99.02,95.91,OK,0,0,PASS
B0577,2026-07-12,EQ_A,DAY,577,M09,0.9993,99.29,177.45,2.307,100.41,61.61,0.786,241.80,425.7,18.02,99.20,97.03,OK,0,0,PASS
B0578,2026-07-12,EQ_C,SWING,578,M09,0.9867,99.19,180.57,2.312,96.07,57.85,0.828,239.85,403.0,17.57,98.60,96.56,OK,0,0,PASS
B0579,2026-07-12,EQ_C,NIGHT,579,M09,0.9962,99.38,179.43,2.293,101.29,59.89,0.870,244.22,433.4,17.73,99.03,96.69,OK,0,0,PASS
B0580,2026-07-13,EQ_A,DAY,580,M09,0.9939,100.39,179.45,2.409,99.37,60.37,0.807,228.70,426.6,18.39,99.10,97.68,OK,0,0,PASS
B0581,2026-07-13,EQ_B,SWING,581,M05,1.0011,100.81,182.45,2.250,100.48,62.20,0.844,249.84,443.6,18.32,99.94,96.21,OK,0,0,PASS
B0582,2026-07-13,EQ_A,NIGHT,582,M04,0.9966,99.03,178.68,2.226,102.83,61.30,0.836,239.53,423.4,17.01,99.67,96.68,OK,0,0,PASS
B0583,2026-07-14,EQ_A,DAY,583,M02,1.0044,99.54,184.21,2.297,98.54,63.69,0.805,251.64,424.7,18.13,99.52,94.37,OK,0,0,PASS
B0584,2026-07-14,EQ_A,SWING,584,M09,0.9959,100.37,177.29,2.313,98.83,61.21,0.807,238.13,424.1,18.67,99.68,96.82,OK,0,0,PASS
B0585,2026-07-14,EQ_A,NIGHT,585,M11,1.0016,99.26,177.62,2.215,103.14,57.21,0.779,227.53,417.3,17.85,98.90,97.33,OK,0,0,PASS
B0586,2026-07-15,EQ_C,DAY,586,M11,1.0193,99.69,181.30,2.265,97.21,63.30,0.794,237.36,422.4,18.14,99.73,96.41,OK,0,0,PASS
B0587,2026-07-15,EQ_A,SWING,587,M09,1.0073,99.26,180.30,2.292,100.79,60.28,0.816,235.64,420.3,17.22,99.96,98.09,OK,0,0,PASS
B0588,2026-07-15,EQ_A,NIGHT,588,M09,0.9906,100.04,182.83,2.289,99.19,52.69,0.760,236.74,403.8,17.82,99.78,96.80,OK,0,0,PASS
B0589,2026-07-16,EQ_C,DAY,589,M09,0.9920,99.15,180.37,2.295,104.01,60.57,0.750,240.46,410.9,17.98,100.45,96.44,OK,0,0,PASS
B0590,2026-07-16,EQ_A,SWING,590,M09,1.0102,100.31,179.12,2.250,104.47,63.53,0.849,241.99,423.0,17.89,99.80,96.00,NG,0,0,PASS
B0591,2026-07-16,EQ_A,NIGHT,591,M09,0.9946,99.76,175.93,2.205,100.41,60.73,0.824,234.80,421.7,17.29,99.73,96.86,OK,0,0,PASS
B0592,2026-07-17,EQ_A,DAY,592,M09,1.0037,100.19,177.96,2.354,98.62,58.61,0.821,240.07,416.5,17.80,100.01,96.60,OK,0,0,PASS
B0593,2026-07-17,EQ_B,SWING,593,M09,0.9904,100.54,182.62,2.264,100.02,55.42,0.835,250.01,412.1,18.07,100.21,96.29,OK,0,0,PASS
B0594,2026-07-17,EQ_A,NIGHT,594,M03,1.0058,100.68,180.08,2.313,93.88,64.37,0.826,241.03,465.7,18.22,100.41,97.65,OK,0,0,PASS
B0595,2026-07-18,EQ_A,DAY,595,M09,1.0119,99.67,181.22,2.189,99.65,66.37,0.847,254.46,472.5,19.05,99.41,95.05,OK,0,0,PASS
B0596,2026-07-18,EQ_C,SWING,596,M11,1.0016,98.72,179.10,2.397,103.32,58.72,0.775,240.32,414.0,17.48,99.22,96.80,OK,0,0,PASS
B0597,2026-07-18,EQ_B,NIGHT,597,M09,0.9721,99.28,178.72,2.289,101.39,64.70,0.805,258.17,429.6,19.09,99.31,95.85,OK,0,1,REVIEW
B0598,2026-07-19,EQ_B,DAY,598,M09,0.9868,98.53,177.86,2.249,97.78,65.86,0.803,249.74,419.9,18.65,99.35,96.00,OK,0,0,PASS
B0599,2026-07-19,EQ_A,SWING,599,M09,0.9966,98.21,181.95,2.422,99.28,64.37,0.844,250.95,439.2,17.70,99.86,96.07,NG,0,0,PASS
B0600,2026-07-19,EQ_B,NIGHT,600,M09,0.9848,99.49,180.68,2.288,104.19,56.50,0.829,240.16,439.8,17.51,100.80,96.66,OK,0,0,PASS
B0601,2026-07-20,EQ_A,DAY,601,M12,0.9977,101.69,180.02,2.163,97.69,64.82,0.819,239.22,464.0,18.69,100.31,96.71,OK,0,0,PASS
B0602,2026-07-20,EQ_B,SWING,602,M09,1.0039,100.13,179.62,2.337,102.89,63.94,0.765,251.27,457.9,18.72,99.62,97.11,OK,0,0,PASS
B0603,2026-07-20,EQ_C,NIGHT,603,M09,1.0091,99.23,178.18,2.305,104.35,60.99,0.768,239.61,426.3,17.29,98.88,96.70,OK,0,0,PASS
B0604,2026-07-21,EQ_B,DAY,604,M10,1.0054,101.21,179.09,2.324,101.16,63.23,0.897,251.34,447.3,18.71,99.74,95.92,NG,0,0,PASS
B0605,2026-07-21,EQ_B,SWING,605,M10,0.9881,101.92,178.96,2.193,100.85,64.74,0.775,255.18,449.4,19.01,99.95,95.80,OK,0,0,PASS
B0606,2026-07-21,EQ_A,NIGHT,606,M10,1.0008,99.95,182.26,2.299,107.06,60.42,0.850,246.97,434.4,18.07,98.62,97.05,NG,0,0,PASS
B0607,2026-07-22,EQ_C,DAY,607,M10,1.0042,99.29,179.30,2.277,101.34,61.40,0.832,238.62,436.9,17.25,99.73,96.74,OK,0,0,PASS
B0608,2026-07-22,EQ_C,SWING,608,M10,0.9946,101.22,178.34,2.239,107.06,58.50,0.834,233.31,446.4,17.56,100.03,96.74,NG,0,0,PASS
B0609,2026-07-22,EQ_C,NIGHT,609,M10,0.9879,100.72,177.47,2.303,99.92,57.92,0.807,245.79,431.2,18.53,99.62,96.41,OK,0,0,PASS
B0610,2026-07-23,EQ_C,DAY,610,M10,0.9913,101.43,178.91,2.275,105.72,62.01,0.826,235.78,441.3,18.46,100.56,96.25,OK,0,0,PASS
B0611,2026-07-23,EQ_B,SWING,611,M08,0.9951,100.53,183.03,2.430,98.30,61.09,0.830,252.18,429.1,16.87,99.75,95.71,OK,0,0,PASS
B0612,2026-07-23,EQ_A,NIGHT,612,M10,1.0221,100.93,177.94,2.268,104.83,59.94,0.699,229.50,435.0,16.78,98.84,96.42,OK,0,1,REVIEW
B0613,2026-07-24,EQ_B,DAY,613,M04,0.9900,99.45,184.80,2.309,101.99,62.58,0.800,252.95,409.9,18.46,99.17,95.23,NG,0,0,PASS
B0614,2026-07-24,EQ_B,SWING,614,M04,1.0011,99.83,183.40,2.517,103.42,60.26,0.839,248.39,406.5,18.71,98.91,95.09,OK,0,0,PASS
B0615,2026-07-24,EQ_C,NIGHT,615,M11,1.0043,100.69,180.13,2.287,106.45,64.09,0.871,246.88,454.9,18.69,100.51,97.31,OK,0,0,PASS
B0616,2026-07-25,EQ_C,DAY,616,M10,0.9928,100.45,183.10,2.438,96.49,62.98,0.774,248.93,425.3,18.19,99.73,95.75,OK,0,0,PASS
B0617,2026-07-25,EQ_C,SWING,617,M10,0.9989,101.20,179.84,2.319,98.40,60.65,0.844,239.35,453.9,18.79,99.16,97.12,NG,0,0,PASS
B0618,2026-07-25,EQ_A,NIGHT,618,M05,1.0030,102.04,181.24,2.439,95.00,61.29,0.781,246.23,443.0,17.83,99.88,96.11,NG,0,0,PASS
B0619,2026-07-26,EQ_C,DAY,619,M06,1.0032,100.46,180.06,2.253,97.43,63.63,0.799,256.98,444.8,18.41,100.21,96.29,OK,0,0,PASS
B0620,2026-07-26,EQ_B,SWING,620,M10,1.0188,100.66,179.34,2.337,94.43,58.83,0.800,237.81,451.4,17.56,100.25,97.46,NG,0,0,PASS
B0621,2026-07-26,EQ_B,NIGHT,621,M10,0.9864,101.99,179.46,2.275,102.94,62.23,0.823,247.73,447.0,19.07,99.61,95.93,OK,0,0,PASS
B0622,2026-07-27,EQ_B,DAY,622,M10,0.9955,100.12,183.43,2.247,103.04,55.14,0.847,248.66,403.6,17.06,99.88,96.10,OK,0,0,PASS
B0623,2026-07-27,EQ_B,SWING,623,M10,0.9867,101.46,177.49,2.208,98.45,64.70,0.785,251.03,442.0,18.49,99.39,95.48,NG,0,0,PASS
B0624,2026-07-27,EQ_C,NIGHT,624,M10,1.0057,99.94,180.35,2.235,93.03,68.22,0.861,247.11,445.7,18.62,99.08,96.31,OK,0,0,PASS
B0625,2026-07-28,EQ_A,DAY,625,M10,0.9965,100.63,181.21,2.391,97.36,65.96,0.783,240.15,458.5,19.57,98.84,96.60,OK,0,0,PASS
B0626,2026-07-28,EQ_A,SWING,626,M10,1.0040,100.60,178.55,2.296,98.22,67.71,0.785,248.70,462.3,18.87,98.33,96.53,OK,0,0,PASS
B0627,2026-07-28,EQ_C,NIGHT,627,M11,0.9961,100.02,181.03,2.306,100.20,58.49,0.774,245.67,436.8,18.47,100.11,96.84,OK,0,0,PASS
B0628,2026-07-29,EQ_B,DAY,628,M10,1.0037,101.17,182.13,2.445,100.12,62.78,0.850,245.00,445.3,18.57,100.16,95.65,OK,0,0,PASS
B0629,2026-07-29,EQ_A,SWING,629,M05,1.0028,100.51,179.51,2.298,102.09,61.69,0.827,239.46,430.3,17.79,100.42,96.92,OK,0,0,PASS
B0630,2026-07-29,EQ_C,NIGHT,630,M10,1.0125,100.45,180.55,2.251,97.51,64.79,0.778,245.91,448.7,19.17,99.91,96.70,OK,0,0,PASS
B0631,2026-07-30,EQ_C,DAY,631,M10,1.0014,101.03,180.89,2.354,98.34,60.64,0.832,253.75,418.8,18.57,100.06,95.51,OK,0,0,PASS
B0632,2026-07-30,EQ_B,SWING,632,M10,0.9942,101.28,178.56,2.316,100.33,62.50,0.822,250.46,446.7,18.71,99.44,96.43,OK,0,0,PASS
B0633,2026-07-30,EQ_B,NIGHT,633,M03,1.0136,100.94,179.10,2.369,100.59,67.07,0.774,258.76,455.6,19.78,100.15,95.56,OK,0,0,PASS
B0634,2026-07-31,EQ_C,DAY,634,M10,1.0195,100.61,179.04,2.216,98.96,65.16,0.831,246.75,454.4,18.00,99.40,96.15,OK,0,0,PASS
B0635,2026-07-31,EQ_B,SWING,635,M10,1.0173,100.97,179.79,2.422,99.56,64.45,0.854,245.05,442.2,18.76,99.27,96.55,OK,0,0,PASS
B0636,2026-07-31,EQ_C,NIGHT,636,M10,1.0016,99.49,177.22,2.214,98.33,63.06,0.842,241.85,435.2,17.89,99.70,95.98,OK,0,0,PASS
B0637,2026-08-01,EQ_B,DAY,637,M10,1.0103,100.17,181.42,2.433,101.26,65.76,0.771,252.49,450.8,17.94,99.52,94.83,OK,0,0,PASS
B0638,2026-08-01,EQ_C,SWING,638,M09,1.0065,99.59,180.15,2.308,98.99,61.27,0.831,247.55,422.2,17.52,100.30,96.70,OK,0,0,PASS
B0639,2026-08-01,EQ_C,NIGHT,639,M10,1.0040,100.84,182.06,2.274,102.35,63.76,0.814,243.37,441.5,19.01,99.84,95.95,OK,0,0,PASS
B0640,2026-08-02,EQ_C,DAY,640,M10,1.0024,100.90,179.06,2.239,101.45,62.19,0.816,245.99,443.6,18.13,99.91,96.48,NG,0,0,PASS
B0641,2026-08-02,EQ_B,SWING,641,M10,1.0069,100.65,182.45,2.351,100.91,62.40,0.831,251.21,440.7,19.11,99.11,95.30,OK,0,0,PASS
B0642,2026-08-02,EQ_B,NIGHT,642,M10,1.0013,100.91,185.30,2.377,98.80,60.21,0.812,245.77,437.3,18.55,98.05,94.37,OK,0,0,PASS
B0643,2026-08-03,EQ_A,DAY,643,M10,1.0192,100.17,177.45,2.215,99.00,62.99,0.831,246.23,457.6,18.33,100.37,96.78,OK,0,0,PASS
B0644,2026-08-03,EQ_C,SWING,644,M10,0.9900,99.67,179.20,2.331,104.08,58.69,0.849,237.67,428.1,17.73,100.70,96.82,OK,0,0,PASS
B0645,2026-08-03,EQ_C,NIGHT,645,M10,0.9886,100.98,178.93,2.246,102.07,62.58,0.774,254.60,450.9,19.23,99.74,95.47,OK,0,0,PASS
B0646,2026-08-04,EQ_B,DAY,646,M02,0.9995,100.04,180.27,2.377,106.57,57.19,0.825,256.42,404.9,16.51,99.99,96.95,OK,0,0,PASS
B0647,2026-08-04,EQ_C,SWING,647,M10,0.9942,101.00,179.33,2.207,100.34,62.95,0.803,245.84,452.3,18.24,99.90,95.03,OK,0,0,PASS
B0648,2026-08-04,EQ_A,NIGHT,648,M10,1.0002,100.45,181.22,2.290,107.89,59.31,0.833,235.57,430.0,18.12,100.81,95.92,OK,0,0,PASS
B0649,2026-08-05,EQ_A,DAY,649,M10,1.0234,100.50,177.26,2.371,103.36,59.29,0.778,238.13,445.9,17.38,99.31,97.41,OK,0,0,PASS
B0650,2026-08-05,EQ_A,SWING,650,M10,0.9952,99.86,182.50,2.257,97.83,67.00,0.784,249.61,447.3,17.98,98.87,94.75,OK,0,0,PASS
B0651,2026-08-05,EQ_B,NIGHT,651,M10,0.9973,99.80,181.78,2.321,96.69,63.06,0.861,257.76,430.7,17.70,99.40,95.97,OK,0,0,PASS
B0652,2026-08-06,EQ_A,DAY,652,M10,1.0233,101.87,179.48,2.237,99.36,64.52,0.781,249.73,470.7,19.20,99.40,96.00,OK,0,0,PASS
B0653,2026-08-06,EQ_B,SWING,653,M10,1.0186,101.69,180.37,2.344,101.40,67.41,0.786,256.28,476.2,19.64,99.21,94.88,NG,0,0,PASS
B0654,2026-08-06,EQ_B,NIGHT,654,M02,1.0076,99.99,176.25,2.228,102.91,59.47,0.835,238.13,446.4,17.23,100.01,96.87,OK,0,0,PASS
B0655,2026-08-07,EQ_A,DAY,655,M10,0.9940,101.09,177.27,2.182,106.76,57.56,0.782,236.68,435.5,17.83,99.55,95.45,OK,0,0,PASS
B0656,2026-08-07,EQ_B,SWING,656,M09,1.0009,99.61,180.23,2.150,95.87,63.74,0.821,253.25,433.5,18.02,99.66,96.00,NG,0,0,PASS
B0657,2026-08-07,EQ_B,NIGHT,657,M10,1.0032,100.37,179.53,2.229,104.84,62.76,0.818,262.93,445.8,17.76,99.53,96.36,OK,0,0,PASS
B0658,2026-08-08,EQ_C,DAY,658,M10,0.9936,101.94,182.96,2.373,98.70,61.27,0.858,252.19,425.2,19.07,98.96,95.30,OK,0,0,PASS
B0659,2026-08-08,EQ_C,SWING,659,M10,0.9906,99.84,182.20,2.218,99.83,63.18,0.799,251.34,445.8,18.12,100.52,95.43,OK,0,0,PASS
B0660,2026-08-08,EQ_B,NIGHT,660,M10,1.0095,100.64,181.24,2.386,106.40,56.90,0.779,246.49,426.1,16.96,100.09,96.53,OK,0,0,PASS
B0662,2026-08-09,EQ_B,SWING,662,M10,1.0115,101.00,182.94,2.417,100.00,58.33,0.839,241.78,430.3,18.99,99.68,96.47,OK,0,0,PASS
B0663,2026-08-09,EQ_A,NIGHT,663,M01,0.9777,99.51,178.19,2.213,101.53,60.19,0.820,238.96,435.8,18.06,99.75,96.78,OK,0,0,PASS
B0664,2026-08-10,EQ_C,DAY,664,M10,1.0078,100.55,180.76,2.332,108.27,59.61,0.810,246.09,440.0,18.27,99.80,96.65,OK,0,0,PASS
B0665,2026-08-10,EQ_B,SWING,665,M10,0.9943,100.50,178.61,2.339,102.25,63.57,0.822,250.70,441.3,18.87,99.26,96.68,OK,0,0,PASS
B0666,2026-08-10,EQ_B,NIGHT,666,M10,1.0181,99.89,182.72,2.303,101.38,61.67,0.745,247.41,440.6,18.21,99.18,96.81,OK,0,0,PASS
B0667,2026-08-11,EQ_A,DAY,667,M06,0.9826,98.48,175.20,2.228,103.62,58.09,0.788,228.07,415.1,17.35,98.48,95.38,NG,0,0,PASS
B0668,2026-08-11,EQ_A,SWING,668,M03,0.9929,100.22,180.27,2.374,100.87,59.95,0.825,240.50,427.2,16.47,100.97,97.09,NG,0,0,PASS
B0669,2026-08-11,EQ_C,NIGHT,669,M10,1.0030,101.02,180.47,2.217,104.15,62.37,0.804,251.61,459.1,19.34,100.21,96.72,NG,0,0,PASS
B0670,2026-08-12,EQ_B,DAY,670,M10,1.0033,100.85,182.03,2.403,98.85,63.44,0.830,251.07,447.9,18.90,99.53,95.61,OK,0,0,PASS
B0671,2026-08-12,EQ_B,SWING,671,M11,0.9920,100.86,180.13,2.413,98.37,61.27,0.837,249.80,453.0,19.20,100.13,96.48,NG,0,0,PASS
B0672,2026-08-12,EQ_B,NIGHT,672,M11,1.0015,100.25,183.44,2.388,92.40,64.35,0.822,258.93,427.2,18.37,99.24,95.01,OK,0,0,PASS
B0673,2026-08-13,EQ_B,DAY,673,M11,1.0051,100.20,181.71,2.366,98.45,69.30,0.802,255.86,456.6,19.00,98.53,94.45,OK,0,0,PASS
B0674,2026-08-13,EQ_A,SWING,674,M11,0.9870,98.13,182.89,2.444,104.14,58.64,0.830,252.52,413.6,18.16,99.60,96.76,OK,0,0,PASS
B0675,2026-08-13,EQ_B,NIGHT,675,M11,0.9960,100.53,181.97,2.399,107.32,58.81,0.771,261.16,424.8,18.67,98.65,95.98,OK,0,0,PASS
B0676,2026-08-14,EQ_C,DAY,676,M11,1.0068,99.67,180.62,2.236,98.15,63.72,0.817,256.69,435.0,19.28,99.84,95.38,OK,0,0,PASS
B0677,2026-08-14,EQ_A,SWING,677,M11,0.9965,100.79,178.82,2.177,102.24,62.11,0.852,244.25,437.6,18.42,98.54,97.20,NG,0,0,PASS
B0679,2026-08-15,EQ_A,DAY,679,M11,0.9875,99.29,179.35,2.196,96.63,65.34,0.792,254.70,428.7,17.03,99.36,95.76,NG,0,0,PASS
B0680,2026-08-15,EQ_C,SWING,680,M11,0.9967,101.77,177.78,2.215,99.87,63.45,0.789,234.57,439.6,19.42,99.42,95.82,OK,0,0,PASS
B0681,2026-08-15,EQ_A,NIGHT,681,M08,1.0134,101.33,177.78,2.344,98.99,64.13,0.896,254.16,473.7,18.62,99.73,95.31,OK,0,0,PASS
B0682,2026-08-16,EQ_A,DAY,682,M06,1.0109,99.79,177.29,2.181,100.70,67.28,0.779,252.14,491.3,19.47,99.74,95.70,NG,0,1,REVIEW
B0683,2026-08-16,EQ_A,SWING,683,M11,1.0153,100.25,183.33,2.208,97.11,63.01,0.859,248.12,447.1,19.40,99.29,96.88,NG,0,0,PASS
B0684,2026-08-16,EQ_C,NIGHT,684,M11,1.0176,100.28,177.60,2.147,99.31,60.41,0.774,241.79,441.2,18.10,98.95,96.63,NG,0,0,PASS
B0685,2026-08-17,EQ_A,DAY,685,M11,0.9866,99.38,176.93,2.211,101.27,60.46,0.860,243.22,447.5,17.67,99.18,96.11,OK,0,0,PASS
B0686,2026-08-17,EQ_B,SWING,686,M11,1.0093,99.86,181.44,2.481,103.74,66.61,0.854,248.11,445.5,18.70,99.16,94.37,NG,0,0,PASS
B0687,2026-08-17,EQ_C,NIGHT,687,M06,0.9919,99.83,178.07,2.369,103.68,65.21,0.839,243.76,446.8,18.14,98.98,96.76,OK,0,0,PASS
B0688,2026-08-18,EQ_A,DAY,688,M11,1.0023,99.89,182.63,2.295,106.56,60.27,0.806,247.99,423.1,18.48,99.57,95.66,OK,0,0,PASS
B0689,2026-08-18,EQ_A,SWING,689,M11,0.9966,99.13,182.32,2.238,102.20,57.98,0.782,241.60,443.9,18.73,99.68,97.29,NG,0,0,PASS
B0690,2026-08-18,EQ_B,NIGHT,690,M11,1.0009,99.26,182.31,2.294,99.43,63.48,0.842,257.87,439.1,18.89,99.68,95.75,OK,0,0,PASS
B0691,2026-08-19,EQ_A,DAY,691,M11,0.9925,99.44,179.17,2.261,108.62,59.96,0.831,240.55,416.0,17.20,100.09,97.48,OK,0,0,PASS
B0692,2026-08-19,EQ_C,SWING,692,M11,0.9995,100.10,178.15,2.264,95.69,67.34,0.856,247.52,448.4,18.60,100.37,95.76,OK,0,0,PASS
B0693,2026-08-19,EQ_B,NIGHT,693,M11,1.0134,99.98,179.03,2.489,106.44,56.25,0.876,247.95,435.3,17.18,98.93,96.09,OK,0,0,PASS
B0694,2026-08-20,EQ_A,DAY,694,M11,0.9974,100.77,180.91,2.371,100.02,60.81,0.822,256.24,444.5,17.75,99.54,95.55,OK,0,0,PASS
B0695,2026-08-20,EQ_C,SWING,695,M11,0.9996,99.74,179.60,2.228,99.99,68.39,0.872,256.54,463.4,18.17,98.51,94.98,OK,0,0,PASS
B0696,2026-08-20,EQ_C,NIGHT,696,M11,0.9858,100.57,180.73,2.236,102.81,64.96,0.849,253.38,461.7,18.37,99.96,96.09,NG,0,0,PASS
B0697,2026-08-21,EQ_B,DAY,697,M11,0.9961,99.69,181.86,2.350,102.18,63.81,0.828,254.02,434.0,17.88,99.49,95.12,OK,0,0,PASS
B0698,2026-08-21,EQ_A,SWING,698,M11,1.0059,100.04,185.16,2.336,98.05,63.11,0.851,251.27,430.2,17.97,98.64,95.50,OK,0,0,PASS
B0699,2026-08-21,EQ_C,NIGHT,699,M11,0.9938,101.00,182.39,2.446,99.99,67.56,0.779,264.57,444.4,19.50,98.87,94.61,OK,0,0,PASS
B0700,2026-08-22,EQ_C,DAY,700,M11,0.9957,100.71,175.56,2.242,99.39,68.12,0.859,261.98,453.3,18.61,98.75,94.44,NG,0,0,PASS
B0701,2026-08-22,EQ_C,SWING,701,M11,1.0119,100.37,183.04,2.326,106.27,61.92,0.823,253.44,432.1,17.94,99.72,95.68,OK,0,0,PASS
B0702,2026-08-22,EQ_A,NIGHT,702,M11,1.0108,99.54,184.49,2.394,98.97,65.23,0.811,246.99,441.7,18.31,99.13,95.08,NG,0,0,PASS
B0703,2026-08-23,EQ_B,DAY,703,M11,0.9929,101.16,180.19,2.406,101.90,65.96,0.762,255.48,460.1,19.15,99.26,96.48,OK,0,0,PASS
B0704,2026-08-23,EQ_A,SWING,704,M11,0.9853,100.22,179.90,2.326,97.19,64.81,0.849,260.34,415.6,18.61,99.21,95.74,OK,0,0,PASS
B0705,2026-08-23,EQ_C,NIGHT,705,M11,0.9984,99.99,176.89,2.194,100.38,62.37,0.813,251.98,435.7,18.33,98.74,95.93,OK,0,0,PASS
B0706,2026-08-24,EQ_A,DAY,706,M11,1.0031,99.32,180.22,2.354,96.19,60.90,0.774,245.87,421.9,17.52,99.03,96.28,OK,0,0,PASS
B0707,2026-08-24,EQ_A,SWING,707,M11,1.0061,100.11,176.77,2.240,93.61,64.67,0.842,243.27,453.7,18.34,99.66,94.99,OK,0,0,PASS
B0708,2026-08-24,EQ_A,NIGHT,708,M11,0.9760,98.90,181.45,2.311,97.40,66.68,0.875,260.07,419.8,17.99,98.54,94.77,OK,0,0,PASS
B0709,2026-08-25,EQ_B,DAY,709,M11,1.0063,100.24,177.62,2.217,97.67,58.95,0.843,240.48,423.3,17.90,98.95,97.16,OK,0,0,PASS
B0710,2026-08-25,EQ_A,SWING,710,M11,1.0154,100.65,182.22,2.134,104.60,60.00,0.856,245.22,439.9,18.43,100.28,96.65,NG,0,0,PASS
B0711,2026-08-25,EQ_B,NIGHT,711,M11,1.0193,100.35,182.05,2.424,101.74,61.10,0.868,253.02,449.1,19.05,98.76,95.33,OK,0,0,PASS
B0712,2026-08-26,EQ_A,DAY,712,M11,1.0135,100.05,183.61,2.283,102.15,60.20,0.848,250.67,437.3,17.98,98.69,95.23,OK,0,0,PASS
B0713,2026-08-26,EQ_A,SWING,713,M11,0.9854,99.99,182.13,2.409,93.01,63.44,0.809,254.87,435.3,18.28,99.90,95.90,OK,0,0,PASS
B0714,2026-08-26,EQ_A,NIGHT,714,M11,1.0114,99.42,178.91,2.352,94.74,68.20,0.795,241.62,466.0,17.63,98.76,94.57,OK,0,0,PASS
B0715,2026-08-27,EQ_A,DAY,715,M11,0.9964,101.20,180.05,2.350,91.62,69.81,0.864,251.53,447.4,19.56,99.36,95.08,OK,0,0,PASS
B0716,2026-08-27,EQ_A,SWING,716,M11,1.0138,100.59,180.04,2.209,95.64,67.29,0.808,257.98,454.8,18.45,99.61,96.33,OK,0,0,PASS
B0717,2026-08-27,EQ_A,NIGHT,717,M11,0.9979,99.81,182.45,2.470,106.81,56.97,0.829,246.20,434.9,17.85,98.95,95.93,NG,0,0,PASS
B0718,2026-08-28,EQ_A,DAY,718,M11,1.0058,100.14,179.17,2.162,102.12,65.24,0.782,257.91,439.7,18.33,99.30,95.70,OK,0,0,PASS
B0719,2026-08-28,EQ_A,SWING,719,M09,0.9866,99.87,176.29,2.210,103.87,59.81,0.788,244.37,441.7,17.82,99.79,96.46,OK,0,0,PASS
B0720,2026-08-28,EQ_C,NIGHT,720,M11,1.0011,99.53,177.05,2.210,97.65,68.31,0.839,248.41,448.4,19.36,97.42,95.60,OK,0,1,REVIEW
B0721,2026-08-29,EQ_A,DAY,721,M11,0.9985,99.35,182.38,2.310,105.00,58.14,0.815,247.66,416.7,17.32,99.28,96.28,OK,0,0,PASS
B0722,2026-08-29,EQ_B,SWING,722,M11,1.0022,99.74,179.73,2.333,100.57,66.23,0.842,262.92,469.9,18.50,98.72,95.09,OK,0,0,PASS
B0723,2026-08-29,EQ_B,NIGHT,723,M11,0.9953,100.41,180.88,2.449,95.92,70.81,0.821,255.89,460.4,18.86,98.00,95.02,NG,0,2,REVIEW
B0724,2026-08-30,EQ_A,DAY,724,M11,1.0053,99.61,178.68,2.248,99.72,68.25,0.812,249.74,471.8,18.62,99.55,95.49,OK,0,0,PASS
B0725,2026-08-30,EQ_B,SWING,725,M11,1.0010,99.86,179.62,2.412,98.28,62.28,0.854,255.45,448.8,18.35,100.28,96.71,OK,0,0,PASS
B0726,2026-08-30,EQ_B,NIGHT,726,M12,1.0015,102.01,182.12,2.394,95.94,67.06,0.840,273.39,476.2,19.52,98.35,94.38,OK,0,1,REVIEW
B0728,2026-08-31,EQ_C,SWING,728,M11,0.9947,99.97,181.09,2.286,99.94,64.45,0.805,266.96,439.7,17.89,99.07,94.88,OK,0,1,REVIEW
B0730,2026-09-01,EQ_A,DAY,730,M11,0.9978,100.47,183.40,2.441,100.41,65.43,0.867,252.12,437.3,18.29,99.45,95.19,OK,0,0,PASS
B0731,2026-09-01,EQ_C,SWING,731,M11,0.9994,100.54,179.41,2.166,97.65,63.75,0.822,245.36,448.9,18.47,99.60,97.05,OK,0,0,PASS
B0732,2026-09-01,EQ_B,NIGHT,732,M11,1.0027,99.87,184.83,2.420,93.80,67.04,0.796,255.65,454.1,18.41,98.74,93.88,NG,0,1,REVIEW
B0733,2026-09-02,EQ_B,DAY,733,M11,0.9956,100.59,183.14,2.352,103.68,64.35,0.857,250.46,454.1,19.51,100.90,95.32,OK,0,0,PASS
B0734,2026-09-02,EQ_A,SWING,734,M11,1.0030,99.16,177.51,2.265,94.62,69.24,0.837,255.60,454.7,18.27,97.94,94.58,OK,0,1,REVIEW
B0735,2026-09-02,EQ_B,NIGHT,735,M11,1.0018,99.58,180.80,2.395,96.90,63.91,0.830,257.92,425.8,16.42,99.70,95.47,OK,0,0,PASS
B0736,2026-09-03,EQ_C,DAY,736,M11,1.0130,100.94,180.94,2.285,96.13,67.61,0.797,259.90,465.6,18.75,99.16,96.27,OK,0,0,PASS
B0737,2026-09-03,EQ_B,SWING,737,M11,0.9818,100.58,179.78,2.295,96.96,67.02,0.738,262.53,451.7,19.13,98.77,96.49,OK,0,0,PASS
B0738,2026-09-03,EQ_B,NIGHT,738,M12,0.9936,101.19,179.10,2.310,102.47,65.18,0.788,259.54,449.0,18.60,100.36,94.84,OK,0,0,PASS
B0739,2026-09-04,EQ_B,DAY,739,M12,0.9992,101.20,184.76,2.307,91.32,64.68,0.863,267.05,445.5,18.98,99.71,93.59,NG,0,2,REVIEW
B0740,2026-09-04,EQ_B,SWING,740,M12,1.0283,102.16,181.42,2.460,101.87,63.65,0.783,257.24,456.7,18.52,99.28,96.14,OK,0,1,REVIEW
B0741,2026-09-04,EQ_C,NIGHT,741,M12,0.9939,101.47,180.60,2.256,98.60,64.19,0.810,251.18,434.4,18.64,99.89,96.66,OK,0,0,PASS
B0742,2026-09-05,EQ_A,DAY,742,M02,0.9900,99.49,180.31,2.295,97.28,62.48,0.798,258.50,414.7,18.88,100.02,96.14,NG,0,0,PASS
B0743,2026-09-05,EQ_A,SWING,743,M12,1.0058,100.28,182.72,2.250,97.17,66.50,0.817,264.82,446.0,18.11,98.70,95.32,OK,0,0,PASS
B0744,2026-09-05,EQ_A,NIGHT,744,M12,1.0026,100.36,181.49,2.248,105.36,63.27,0.833,248.48,418.0,17.90,99.72,96.24,OK,0,0,PASS
B0745,2026-09-06,EQ_B,DAY,745,M12,1.0120,100.75,181.47,2.436,101.41,63.62,0.860,258.33,439.2,19.57,99.71,95.52,NG,0,0,PASS
B0746,2026-09-06,EQ_B,SWING,746,M12,1.0158,100.60,180.50,2.315,99.38,60.61,0.808,249.93,430.1,17.52,99.93,96.19,OK,0,0,PASS
B0747,2026-09-06,EQ_B,NIGHT,747,M12,1.0121,101.14,183.12,2.325,93.36,66.30,0.881,257.09,452.4,19.14,98.44,94.62,OK,0,0,PASS
B0748,2026-09-07,EQ_B,DAY,748,M12,0.9973,101.17,181.13,2.546,93.56,65.14,0.859,250.00,442.0,18.40,99.50,95.78,NG,0,0,PASS
B0749,2026-09-07,EQ_C,SWING,749,M12,1.0051,101.45,180.84,2.278,94.88,65.10,0.806,262.28,463.2,18.79,99.60,96.18,NG,0,0,PASS
B0750,2026-09-07,EQ_C,NIGHT,750,M12,1.0012,100.44,180.10,2.998,96.02,62.70,0.827,238.75,438.8,17.91,100.47,97.48,OK,0,1,REVIEW
B0751,2026-09-08,EQ_C,DAY,751,M11,0.9966,99.87,181.66,2.373,100.73,71.16,0.776,258.84,461.8,18.51,97.74,95.77,OK,0,2,REVIEW
B0752,2026-09-08,EQ_C,SWING,752,M12,1.0123,101.35,179.51,2.276,103.31,65.28,0.838,243.99,442.0,17.64,100.03,95.91,NG,0,0,PASS
B0753,2026-09-08,EQ_C,NIGHT,753,M12,1.0040,102.44,179.54,2.239,96.54,60.12,0.773,254.97,439.2,17.88,98.86,95.75,OK,0,0,PASS
B0754,2026-09-09,EQ_B,DAY,754,M12,0.9917,101.30,178.56,2.343,103.65,63.13,0.804,252.47,440.6,18.28,99.45,95.36,NG,0,0,PASS
B0755,2026-09-09,EQ_A,SWING,755,M12,1.0040,100.78,179.37,2.382,101.96,68.38,0.819,250.56,460.5,18.32,99.21,96.26,NG,0,0,PASS
B0756,2026-09-09,EQ_A,NIGHT,756,M12,1.0019,101.35,180.31,2.157,95.76,65.92,0.792,249.32,443.0,19.17,99.05,96.07,NG,0,0,PASS
B0757,2026-09-10,EQ_A,DAY,757,M12,1.0186,102.15,180.60,2.268,99.99,66.20,0.784,251.23,470.7,19.55,99.31,96.28,NG,0,0,PASS
B0758,2026-09-10,EQ_C,SWING,758,M12,1.0062,100.38,179.11,2.266,96.57,69.55,0.872,254.18,445.3,20.23,98.38,96.01,NG,0,1,REVIEW
B0760,2026-09-11,EQ_C,DAY,760,M12,0.9946,100.82,178.30,2.245,95.64,68.11,0.855,262.52,443.6,19.77,98.72,94.81,OK,0,0,PASS
B0761,2026-09-11,EQ_A,SWING,761,M12,1.0066,100.72,180.56,2.292,102.23,64.88,0.855,246.78,460.3,17.55,99.78,95.98,OK,0,0,PASS
B0762,2026-09-11,EQ_A,NIGHT,762,M01,0.9936,99.08,181.65,2.283,103.65,56.75,0.812,250.10,404.5,17.03,99.50,95.63,OK,0,0,PASS
B0763,2026-09-12,EQ_B,DAY,763,M12,1.0038,101.87,181.58,2.335,99.71,64.86,0.831,265.96,474.0,18.92,98.63,94.94,OK,0,0,PASS
B0764,2026-09-12,EQ_A,SWING,764,M12,1.0055,100.48,176.11,2.421,106.69,62.21,0.723,252.47,447.3,19.10,99.61,96.11,OK,0,1,REVIEW
B0765,2026-09-12,EQ_B,NIGHT,765,M12,0.9919,102.35,181.68,2.527,98.63,62.34,0.851,244.53,444.5,18.54,99.19,96.85,OK,0,0,PASS
B0766,2026-09-13,EQ_C,DAY,766,M12,1.0052,100.13,179.23,2.355,101.15,64.50,0.836,260.43,454.6,17.90,99.74,95.31,OK,0,0,PASS
B0767,2026-09-13,EQ_B,SWING,767,M12,1.0062,102.10,180.80,2.366,92.20,65.22,0.791,262.20,445.4,20.26,98.65,94.60,NG,0,1,REVIEW
B0768,2026-09-13,EQ_C,NIGHT,768,M12,0.9976,100.33,179.95,2.347,99.13,63.01,0.792,250.68,436.2,16.95,100.29,97.01,OK,0,0,PASS
B0769,2026-09-14,EQ_A,DAY,769,M12,1.0187,100.88,179.04,2.235,99.14,68.18,0.821,252.12,470.2,18.97,99.03,95.09,OK,0,0,PASS
B0770,2026-09-14,EQ_C,SWING,770,M12,1.0065,101.36,182.71,2.494,97.90,67.06,0.830,271.76,449.4,19.12,98.52,93.84,NG,0,2,REVIEW
B0771,2026-09-14,EQ_C,NIGHT,771,M08,1.0068,101.89,176.61,2.250,98.23,69.31,0.808,249.56,472.8,19.27,97.82,94.50,NG,0,1,REVIEW
B0772,2026-09-15,EQ_C,DAY,772,M12,1.0082,101.33,182.14,2.290,90.81,72.54,0.847,260.48,456.1,19.64,96.22,93.21,NG,0,3,REVIEW
B0773,2026-09-15,EQ_B,SWING,773,M12,1.0027,100.78,179.65,2.312,99.78,66.42,0.887,257.17,450.3,17.71,99.33,94.84,OK,0,0,PASS
B0774,2026-09-15,EQ_B,NIGHT,774,M12,1.0089,101.86,179.45,2.341,97.29,67.87,0.825,266.10,468.3,18.58,98.70,95.12,NG,0,0,PASS
B0775,2026-09-16,EQ_A,DAY,775,M12,1.0053,99.89,180.23,2.370,96.59,65.47,0.835,254.91,439.5,18.21,100.81,95.42,NG,0,0,PASS
B0776,2026-09-16,EQ_C,SWING,776,M12,1.0177,101.27,184.28,2.320,104.62,65.16,0.787,267.01,441.8,18.60,99.88,93.92,NG,0,2,REVIEW
B0777,2026-09-16,EQ_C,NIGHT,777,M12,0.9978,101.15,181.15,2.339,99.45,66.44,0.772,250.71,452.7,19.67,98.12,95.98,OK,0,0,PASS
B0778,2026-09-17,EQ_B,DAY,778,M12,0.9980,101.49,178.44,2.413,101.94,66.75,0.827,262.04,448.5,18.71,99.40,94.23,NG,0,1,REVIEW
B0779,2026-09-17,EQ_C,SWING,779,M12,1.0208,100.09,174.23,2.172,99.11,62.50,0.764,257.49,467.0,18.56,98.65,94.87,OK,0,1,REVIEW
B0780,2026-09-17,EQ_C,NIGHT,780,M12,1.0058,100.05,180.96,2.312,104.80,62.05,0.807,249.27,442.4,17.82,99.78,96.54,NG,0,0,PASS
B0781,2026-09-18,EQ_C,DAY,781,M12,1.0127,101.86,178.48,2.246,103.08,64.71,0.791,255.14,454.5,19.28,99.45,95.16,NG,0,0,PASS
B0782,2026-09-18,EQ_A,SWING,782,M12,1.0243,101.38,176.85,2.150,98.52,64.31,0.876,244.54,482.2,19.47,99.32,96.15,OK,0,0,PASS
B0783,2026-09-18,EQ_A,NIGHT,783,M12,0.9909,100.23,180.66,2.220,104.55,65.05,0.825,252.57,453.6,19.25,99.78,95.94,OK,0,0,PASS
B0784,2026-09-19,EQ_C,DAY,784,M12,1.0249,100.83,183.43,2.346,101.20,56.69,0.867,252.84,413.7,17.00,98.83,95.13,OK,0,0,PASS
B0785,2026-09-19,EQ_A,SWING,785,M12,1.0075,101.58,179.65,2.308,100.72,61.93,0.858,245.75,437.7,18.85,99.47,96.19,OK,0,0,PASS
B0786,2026-09-19,EQ_A,NIGHT,786,M12,1.0057,100.63,181.08,2.436,103.37,64.14,0.855,250.09,449.5,19.03,99.63,95.49,OK,0,0,PASS
B0787,2026-09-20,EQ_B,DAY,787,M12,1.0075,100.14,179.56,2.325,91.23,66.48,0.817,268.55,451.2,19.80,98.98,95.56,OK,0,1,REVIEW
B0788,2026-09-20,EQ_B,SWING,788,M12,1.0098,102.30,181.36,2.359,96.92,65.93,0.860,263.50,467.7,19.33,98.14,94.97,OK,0,0,PASS
B0789,2026-09-20,EQ_C,NIGHT,789,M12,1.0210,101.85,176.96,2.265,92.68,68.25,0.812,255.73,488.5,18.76,98.70,93.94,NG,0,2,REVIEW
B0790,2026-09-21,EQ_A,DAY,790,M12,0.9959,100.37,180.97,2.375,97.23,63.64,0.772,254.05,458.5,18.26,100.39,96.60,OK,0,0,PASS
B0791,2026-09-21,EQ_A,SWING,791,M05,1.0074,99.49,179.62,2.279,99.38,65.76,0.779,259.32,444.5,17.38,99.96,95.92,OK,0,0,PASS
B0792,2026-09-21,EQ_A,NIGHT,792,M06,0.9930,97.98,182.97,2.325,99.98,65.42,0.824,268.36,420.9,18.14,98.82,94.00,NG,0,2,REVIEW
B0793,2026-09-22,EQ_A,DAY,793,M12,1.0004,101.43,181.35,2.272,104.64,62.60,0.888,245.21,458.4,18.16,98.85,94.91,NG,0,0,PASS
B0794,2026-09-22,EQ_B,SWING,794,M07,0.9951,100.05,179.57,2.444,95.25,61.80,0.813,248.06,427.2,17.43,99.47,97.36,OK,0,0,PASS
B0795,2026-09-22,EQ_A,NIGHT,795,M12,1.0031,101.24,181.71,2.275,97.57,68.85,0.751,250.51,454.8,19.26,99.60,95.52,OK,0,0,PASS
B0796,2026-09-23,EQ_B,DAY,796,M12,1.0139,101.20,181.85,2.314,103.57,58.74,0.843,257.39,446.5,18.53,99.64,95.75,OK,0,0,PASS
B0797,2026-09-23,EQ_C,SWING,797,M12,0.9936,101.27,178.12,2.251,93.69,65.77,0.874,259.88,469.9,19.32,99.61,95.44,NG,0,0,PASS
B0798,2026-09-23,EQ_A,NIGHT,798,M12,0.9912,99.86,180.18,2.321,102.51,65.38,0.900,261.96,454.3,19.47,99.59,95.94,NG,0,0,PASS
B0799,2026-09-24,EQ_B,DAY,799,M12,0.9982,100.84,180.02,2.304,98.93,67.32,0.736,262.29,455.7,18.83,98.81,95.59,OK,0,0,PASS
B0800,2026-09-24,EQ_A,SWING,800,M12,0.9959,100.55,178.78,2.291,99.77,67.91,0.885,263.49,469.8,17.57,99.05,95.22,NG,0,0,PASS
