batch_id,production_date,equipment_id,shift,sequence
B0001,2026-01-01,EQ_A,DAY,1
B0002,2026-01-01,EQ_C,SWING,2
B0003,2026-01-01,EQ_C,NIGHT,3
B0004,2026-01-02,EQ_A,DAY,4
B0005,2026-01-02,EQ_C,SWING,5
B0006,2026-01-02,EQ_B,NIGHT,6
B0007,2026-01-03,EQ_C,DAY,7
B0008,2026-01-03,EQ_B,SWING,8
B0009,2026-01-03,EQ_B,NIGHT,9
B0010,2026-01-04,EQ_B,DAY,10
B0011,2026-01-04,EQ_C,SWING,11
B0012,2026-01-04,EQ_A,NIGHT,12
B0013,2026-01-05,EQ_C,DAY,13
B0014,2026-01-05,EQ_C,SWING,14
B0015,2026-01-05,EQ_A,NIGHT,15
B0016,2026-01-06,EQ_C,DAY,16
B0017,2026-01-06,EQ_B,SWING,17
B0018,2026-01-06,EQ_A,NIGHT,18
B0019,2026-01-07,EQ_C,DAY,19
B0020,2026-01-07,EQ_A,SWING,20
B0021,2026-01-07,EQ_B,NIGHT,21
B0022,2026-01-08,EQ_B,DAY,22
B0023,2026-01-08,EQ_B,SWING,23
B0024,2026-01-08,EQ_C,NIGHT,24
B0025,2026-01-09,EQ_B,DAY,25
B0026,2026-01-09,EQ_B,SWING,26
B0027,2026-01-09,EQ_A,NIGHT,27
B0028,2026-01-10,EQ_B,DAY,28
B0029,2026-01-10,EQ_A,SWING,29
B0030,2026-01-10,EQ_A,NIGHT,30
B0031,2026-01-11,EQ_C,DAY,31
B0032,2026-01-11,EQ_B,SWING,32
B0033,2026-01-11,EQ_B,NIGHT,33
B0034,2026-01-12,EQ_A,DAY,34
B0035,2026-01-12,EQ_C,SWING,35
B0036,2026-01-12,EQ_B,NIGHT,36
B0037,2026-01-13,EQ_B,DAY,37
B0038,2026-01-13,EQ_B,SWING,38
B0039,2026-01-13,EQ_B,NIGHT,39
B0040,2026-01-14,EQ_C,DAY,40
B0041,2026-01-14,EQ_B,SWING,41
B0042,2026-01-14,EQ_A,NIGHT,42
B0043,2026-01-15,EQ_B,DAY,43
B0044,2026-01-15,EQ_B,SWING,44
B0045,2026-01-15,EQ_A,NIGHT,45
B0046,2026-01-16,EQ_C,DAY,46
B0047,2026-01-16,EQ_B,SWING,47
B0048,2026-01-16,EQ_A,NIGHT,48
B0049,2026-01-17,EQ_A,DAY,49
B0050,2026-01-17,EQ_A,SWING,50
B0051,2026-01-17,EQ_C,NIGHT,51
B0052,2026-01-18,EQ_C,DAY,52
B0053,2026-01-18,EQ_A,SWING,53
B0054,2026-01-18,EQ_A,NIGHT,54
B0055,2026-01-19,EQ_A,DAY,55
B0056,2026-01-19,EQ_C,SWING,56
B0057,2026-01-19,EQ_C,NIGHT,57
B0058,2026-01-20,EQ_B,DAY,58
B0059,2026-01-20,EQ_A,SWING,59
B0060,2026-01-20,EQ_B,NIGHT,60
B0061,2026-01-21,EQ_C,DAY,61
B0062,2026-01-21,EQ_C,SWING,62
B0063,2026-01-21,EQ_C,NIGHT,63
B0064,2026-01-22,EQ_B,DAY,64
B0065,2026-01-22,EQ_C,SWING,65
B0066,2026-01-22,EQ_A,NIGHT,66
B0067,2026-01-23,EQ_B,DAY,67
B0068,2026-01-23,EQ_C,SWING,68
B0069,2026-01-23,EQ_B,NIGHT,69
B0070,2026-01-24,EQ_C,DAY,70
B0071,2026-01-24,EQ_B,SWING,71
B0072,2026-01-24,EQ_A,NIGHT,72
B0073,2026-01-25,EQ_A,DAY,73
B0074,2026-01-25,EQ_B,SWING,74
B0075,2026-01-25,EQ_B,NIGHT,75
B0076,2026-01-26,EQ_B,DAY,76
B0077,2026-01-26,EQ_C,SWING,77
B0078,2026-01-26,EQ_B,NIGHT,78
B0079,2026-01-27,EQ_A,DAY,79
B0080,2026-01-27,EQ_C,SWING,80
B0081,2026-01-27,EQ_C,NIGHT,81
B0082,2026-01-28,EQ_C,DAY,82
B0083,2026-01-28,EQ_A,SWING,83
B0084,2026-01-28,EQ_C,NIGHT,84
B0085,2026-01-29,EQ_B,DAY,85
B0086,2026-01-29,EQ_A,SWING,86
B0087,2026-01-29,EQ_C,NIGHT,87
B0088,2026-01-30,EQ_A,DAY,88
B0089,2026-01-30,EQ_A,SWING,89
B0090,2026-01-30,EQ_A,NIGHT,90
B0091,2026-01-31,EQ_C,DAY,91
B0092,2026-01-31,EQ_C,SWING,92
B0093,2026-01-31,EQ_B,NIGHT,93
B0094,2026-02-01,EQ_B,DAY,94
B0095,2026-02-01,EQ_B,SWING,95
B0096,2026-02-01,EQ_A,NIGHT,96
B0097,2026-02-02,EQ_C,DAY,97
B0098,2026-02-02,EQ_A,SWING,98
B0099,2026-02-02,EQ_C,NIGHT,99
B0100,2026-02-03,EQ_C,DAY,100
B0101,2026-02-03,EQ_A,SWING,101
B0102,2026-02-03,EQ_B,NIGHT,102
B0103,2026-02-04,EQ_B,DAY,103
B0104,2026-02-04,EQ_C,SWING,104
B0105,2026-02-04,EQ_A,NIGHT,105
B0106,2026-02-05,EQ_A,DAY,106
B0107,2026-02-05,EQ_B,SWING,107
B0108,2026-02-05,EQ_B,NIGHT,108
B0109,2026-02-06,EQ_C,DAY,109
B0110,2026-02-06,EQ_B,SWING,110
B0111,2026-02-06,EQ_A,NIGHT,111
B0112,2026-02-07,EQ_B,DAY,112
B0113,2026-02-07,EQ_C,SWING,113
B0114,2026-02-07,EQ_C,NIGHT,114
B0115,2026-02-08,EQ_C,DAY,115
B0116,2026-02-08,EQ_C,SWING,116
B0117,2026-02-08,EQ_C,NIGHT,117
B0118,2026-02-09,EQ_A,DAY,118
B0119,2026-02-09,EQ_B,SWING,119
B0120,2026-02-09,EQ_B,NIGHT,120
B0121,2026-02-10,EQ_A,DAY,121
B0122,2026-02-10,EQ_B,SWING,122
B0123,2026-02-10,EQ_B,NIGHT,123
B0124,2026-02-11,EQ_A,DAY,124
B0125,2026-02-11,EQ_C,SWING,125
B0126,2026-02-11,EQ_C,NIGHT,126
B0127,2026-02-12,EQ_C,DAY,127
B0128,2026-02-12,EQ_B,SWING,128
B0129,2026-02-12,EQ_A,NIGHT,129
B0130,2026-02-13,EQ_B,DAY,130
B0131,2026-02-13,EQ_B,SWING,131
B0132,2026-02-13,EQ_B,NIGHT,132
B0133,2026-02-14,EQ_C,DAY,133
B0134,2026-02-14,EQ_A,SWING,134
B0135,2026-02-14,EQ_C,NIGHT,135
B0136,2026-02-15,EQ_C,DAY,136
B0137,2026-02-15,EQ_C,SWING,137
B0138,2026-02-15,EQ_C,NIGHT,138
B0139,2026-02-16,EQ_A,DAY,139
B0140,2026-02-16,EQ_C,SWING,140
B0141,2026-02-16,EQ_B,NIGHT,141
B0142,2026-02-17,EQ_C,DAY,142
B0143,2026-02-17,EQ_A,SWING,143
B0144,2026-02-17,EQ_A,NIGHT,144
B0145,2026-02-18,EQ_C,DAY,145
B0146,2026-02-18,EQ_A,SWING,146
B0147,2026-02-18,EQ_A,NIGHT,147
B0148,2026-02-19,EQ_A,DAY,148
B0149,2026-02-19,EQ_A,SWING,149
B0150,2026-02-19,EQ_B,NIGHT,150
B0151,2026-02-20,EQ_A,DAY,151
B0152,2026-02-20,EQ_A,SWING,152
B0153,2026-02-20,EQ_C,NIGHT,153
B0154,2026-02-21,EQ_B,DAY,154
B0155,2026-02-21,EQ_B,SWING,155
B0156,2026-02-21,EQ_C,NIGHT,156
B0157,2026-02-22,EQ_A,DAY,157
B0158,2026-02-22,EQ_B,SWING,158
B0159,2026-02-22,EQ_C,NIGHT,159
B0160,2026-02-23,EQ_B,DAY,160
B0161,2026-02-23,EQ_C,SWING,161
B0162,2026-02-23,EQ_C,NIGHT,162
B0163,2026-02-24,EQ_C,DAY,163
B0164,2026-02-24,EQ_A,SWING,164
B0165,2026-02-24,EQ_B,NIGHT,165
B0166,2026-02-25,EQ_C,DAY,166
B0167,2026-02-25,EQ_B,SWING,167
B0168,2026-02-25,EQ_C,NIGHT,168
B0169,2026-02-26,EQ_C,DAY,169
B0170,2026-02-26,EQ_C,SWING,170
B0171,2026-02-26,EQ_B,NIGHT,171
B0172,2026-02-27,EQ_B,DAY,172
B0173,2026-02-27,EQ_A,SWING,173
B0174,2026-02-27,EQ_A,NIGHT,174
B0175,2026-02-28,EQ_B,DAY,175
B0176,2026-02-28,EQ_B,SWING,176
B0177,2026-02-28,EQ_A,NIGHT,177
B0178,2026-03-01,EQ_A,DAY,178
B0179,2026-03-01,EQ_A,SWING,179
B0180,2026-03-01,EQ_A,NIGHT,180
B0181,2026-03-02,EQ_A,DAY,181
B0182,2026-03-02,EQ_B,SWING,182
B0183,2026-03-02,EQ_A,NIGHT,183
B0184,2026-03-03,EQ_B,DAY,184
B0185,2026-03-03,EQ_B,SWING,185
B0186,2026-03-03,EQ_C,NIGHT,186
B0187,2026-03-04,EQ_B,DAY,187
B0188,2026-03-04,EQ_B,SWING,188
B0189,2026-03-04,EQ_A,NIGHT,189
B0190,2026-03-05,EQ_A,DAY,190
B0191,2026-03-05,EQ_A,SWING,191
B0192,2026-03-05,EQ_A,NIGHT,192
B0193,2026-03-06,EQ_B,DAY,193
B0194,2026-03-06,EQ_C,SWING,194
B0195,2026-03-06,EQ_A,NIGHT,195
B0196,2026-03-07,EQ_C,DAY,196
B0197,2026-03-07,EQ_C,SWING,197
B0198,2026-03-07,EQ_B,NIGHT,198
B0199,2026-03-08,EQ_C,DAY,199
B0200,2026-03-08,EQ_A,SWING,200
B0201,2026-03-08,EQ_B,NIGHT,201
B0202,2026-03-09,EQ_C,DAY,202
B0203,2026-03-09,EQ_C,SWING,203
B0204,2026-03-09,EQ_A,NIGHT,204
B0205,2026-03-10,EQ_A,DAY,205
B0206,2026-03-10,EQ_C,SWING,206
B0207,2026-03-10,EQ_B,NIGHT,207
B0208,2026-03-11,EQ_A,DAY,208
B0209,2026-03-11,EQ_C,SWING,209
B0210,2026-03-11,EQ_C,NIGHT,210
B0211,2026-03-12,EQ_A,DAY,211
B0212,2026-03-12,EQ_B,SWING,212
B0213,2026-03-12,EQ_A,NIGHT,213
B0214,2026-03-13,EQ_B,DAY,214
B0215,2026-03-13,EQ_A,SWING,215
B0216,2026-03-13,EQ_B,NIGHT,216
B0217,2026-03-14,EQ_C,DAY,217
B0218,2026-03-14,EQ_B,SWING,218
B0219,2026-03-14,EQ_A,NIGHT,219
B0220,2026-03-15,EQ_B,DAY,220
B0221,2026-03-15,EQ_C,SWING,221
B0222,2026-03-15,EQ_A,NIGHT,222
B0223,2026-03-16,EQ_B,DAY,223
B0224,2026-03-16,EQ_B,SWING,224
B0225,2026-03-16,EQ_C,NIGHT,225
B0226,2026-03-17,EQ_B,DAY,226
B0227,2026-03-17,EQ_B,SWING,227
B0228,2026-03-17,EQ_C,NIGHT,228
B0229,2026-03-18,EQ_A,DAY,229
B0230,2026-03-18,EQ_C,SWING,230
B0231,2026-03-18,EQ_A,NIGHT,231
B0232,2026-03-19,EQ_A,DAY,232
B0233,2026-03-19,EQ_B,SWING,233
B0234,2026-03-19,EQ_B,NIGHT,234
B0235,2026-03-20,EQ_B,DAY,235
B0236,2026-03-20,EQ_A,SWING,236
B0237,2026-03-20,EQ_C,NIGHT,237
B0238,2026-03-21,EQ_A,DAY,238
B0239,2026-03-21,EQ_B,SWING,239
B0240,2026-03-21,EQ_A,NIGHT,240
B0241,2026-03-22,EQ_B,DAY,241
B0242,2026-03-22,EQ_A,SWING,242
B0243,2026-03-22,EQ_B,NIGHT,243
B0244,2026-03-23,EQ_C,DAY,244
B0245,2026-03-23,EQ_C,SWING,245
B0246,2026-03-23,EQ_C,NIGHT,246
B0247,2026-03-24,EQ_C,DAY,247
B0248,2026-03-24,EQ_B,SWING,248
B0249,2026-03-24,EQ_B,NIGHT,249
B0250,2026-03-25,EQ_A,DAY,250
B0251,2026-03-25,EQ_A,SWING,251
B0252,2026-03-25,EQ_C,NIGHT,252
B0253,2026-03-26,EQ_B,DAY,253
B0254,2026-03-26,EQ_C,SWING,254
B0255,2026-03-26,EQ_C,NIGHT,255
B0256,2026-03-27,EQ_A,DAY,256
B0257,2026-03-27,EQ_B,SWING,257
B0258,2026-03-27,EQ_C,NIGHT,258
B0259,2026-03-28,EQ_C,DAY,259
B0260,2026-03-28,EQ_B,SWING,260
B0261,2026-03-28,EQ_A,NIGHT,261
B0262,2026-03-29,EQ_B,DAY,262
B0263,2026-03-29,EQ_A,SWING,263
B0264,2026-03-29,EQ_B,NIGHT,264
B0265,2026-03-30,EQ_A,DAY,265
B0266,2026-03-30,EQ_A,SWING,266
B0267,2026-03-30,EQ_C,NIGHT,267
B0268,2026-03-31,EQ_B,DAY,268
B0269,2026-03-31,EQ_B,SWING,269
B0270,2026-03-31,EQ_A,NIGHT,270
B0271,2026-04-01,EQ_A,DAY,271
B0272,2026-04-01,EQ_C,SWING,272
B0273,2026-04-01,EQ_C,NIGHT,273
B0274,2026-04-02,EQ_C,DAY,274
B0275,2026-04-02,EQ_B,SWING,275
B0276,2026-04-02,EQ_B,NIGHT,276
B0277,2026-04-03,EQ_A,DAY,277
B0278,2026-04-03,EQ_A,SWING,278
B0279,2026-04-03,EQ_B,NIGHT,279
B0280,2026-04-04,EQ_B,DAY,280
B0281,2026-04-04,EQ_C,SWING,281
B0282,2026-04-04,EQ_C,NIGHT,282
B0283,2026-04-05,EQ_B,DAY,283
B0284,2026-04-05,EQ_B,SWING,284
B0285,2026-04-05,EQ_C,NIGHT,285
B0286,2026-04-06,EQ_B,DAY,286
B0287,2026-04-06,EQ_A,SWING,287
B0288,2026-04-06,EQ_C,NIGHT,288
B0289,2026-04-07,EQ_B,DAY,289
B0290,2026-04-07,EQ_A,SWING,290
B0291,2026-04-07,EQ_B,NIGHT,291
B0292,2026-04-08,EQ_C,DAY,292
B0293,2026-04-08,EQ_A,SWING,293
B0294,2026-04-08,EQ_A,NIGHT,294
B0295,2026-04-09,EQ_B,DAY,295
B0296,2026-04-09,EQ_A,SWING,296
B0297,2026-04-09,EQ_B,NIGHT,297
B0298,2026-04-10,EQ_B,DAY,298
B0299,2026-04-10,EQ_B,SWING,299
B0300,2026-04-10,EQ_B,NIGHT,300
B0301,2026-04-11,EQ_C,DAY,301
B0302,2026-04-11,EQ_B,SWING,302
B0303,2026-04-11,EQ_A,NIGHT,303
B0304,2026-04-12,EQ_A,DAY,304
B0305,2026-04-12,EQ_C,SWING,305
B0306,2026-04-12,EQ_A,NIGHT,306
B0307,2026-04-13,EQ_C,DAY,307
B0308,2026-04-13,EQ_A,SWING,308
B0309,2026-04-13,EQ_B,NIGHT,309
B0310,2026-04-14,EQ_B,DAY,310
B0311,2026-04-14,EQ_C,SWING,311
B0312,2026-04-14,EQ_A,NIGHT,312
B0313,2026-04-15,EQ_A,DAY,313
B0314,2026-04-15,EQ_C,SWING,314
B0315,2026-04-15,EQ_A,NIGHT,315
B0316,2026-04-16,EQ_A,DAY,316
B0317,2026-04-16,EQ_B,SWING,317
B0318,2026-04-16,EQ_B,NIGHT,318
B0319,2026-04-17,EQ_A,DAY,319
B0320,2026-04-17,EQ_A,SWING,320
B0321,2026-04-17,EQ_C,NIGHT,321
B0322,2026-04-18,EQ_C,DAY,322
B0323,2026-04-18,EQ_A,SWING,323
B0324,2026-04-18,EQ_A,NIGHT,324
B0325,2026-04-19,EQ_B,DAY,325
B0326,2026-04-19,EQ_B,SWING,326
B0327,2026-04-19,EQ_B,NIGHT,327
B0328,2026-04-20,EQ_C,DAY,328
B0329,2026-04-20,EQ_A,SWING,329
B0330,2026-04-20,EQ_B,NIGHT,330
B0331,2026-04-21,EQ_A,DAY,331
B0332,2026-04-21,EQ_A,SWING,332
B0333,2026-04-21,EQ_B,NIGHT,333
B0334,2026-04-22,EQ_B,DAY,334
B0335,2026-04-22,EQ_A,SWING,335
B0336,2026-04-22,EQ_B,NIGHT,336
B0337,2026-04-23,EQ_A,DAY,337
B0338,2026-04-23,EQ_A,SWING,338
B0339,2026-04-23,EQ_B,NIGHT,339
B0340,2026-04-24,EQ_C,DAY,340
B0341,2026-04-24,EQ_A,SWING,341
B0342,2026-04-24,EQ_A,NIGHT,342
B0343,2026-04-25,EQ_A,DAY,343
B0344,2026-04-25,EQ_A,SWING,344
B0345,2026-04-25,EQ_A,NIGHT,345
B0346,2026-04-26,EQ_A,DAY,346
B0347,2026-04-26,EQ_B,SWING,347
B0348,2026-04-26,EQ_B,NIGHT,348
B0349,2026-04-27,EQ_A,DAY,349
B0350,2026-04-27,EQ_B,SWING,350
B0351,2026-04-27,EQ_C,NIGHT,351
B0352,2026-04-28,EQ_B,DAY,352
B0353,2026-04-28,EQ_B,SWING,353
B0354,2026-04-28,EQ_B,NIGHT,354
B0355,2026-04-29,EQ_C,DAY,355
B0356,2026-04-29,EQ_A,SWING,356
B0357,2026-04-29,EQ_B,NIGHT,357
B0358,2026-04-30,EQ_A,DAY,358
B0359,2026-04-30,EQ_B,SWING,359
B0360,2026-04-30,EQ_B,NIGHT,360
B0361,2026-05-01,EQ_C,DAY,361
B0362,2026-05-01,EQ_A,SWING,362
B0363,2026-05-01,EQ_A,NIGHT,363
B0364,2026-05-02,EQ_A,DAY,364
B0365,2026-05-02,EQ_B,SWING,365
B0366,2026-05-02,EQ_A,NIGHT,366
B0367,2026-05-03,EQ_B,DAY,367
B0368,2026-05-03,EQ_C,SWING,368
B0369,2026-05-03,EQ_C,NIGHT,369
B0370,2026-05-04,EQ_B,DAY,370
B0371,2026-05-04,EQ_C,SWING,371
B0372,2026-05-04,EQ_C,NIGHT,372
B0373,2026-05-05,EQ_C,DAY,373
B0374,2026-05-05,EQ_B,SWING,374
B0375,2026-05-05,EQ_A,NIGHT,375
B0376,2026-05-06,EQ_A,DAY,376
B0377,2026-05-06,EQ_B,SWING,377
B0378,2026-05-06,EQ_A,NIGHT,378
B0379,2026-05-07,EQ_C,DAY,379
B0380,2026-05-07,EQ_A,SWING,380
B0381,2026-05-07,EQ_A,NIGHT,381
B0382,2026-05-08,EQ_A,DAY,382
B0383,2026-05-08,EQ_A,SWING,383
B0384,2026-05-08,EQ_C,NIGHT,384
B0385,2026-05-09,EQ_A,DAY,385
B0386,2026-05-09,EQ_C,SWING,386
B0387,2026-05-09,EQ_B,NIGHT,387
B0388,2026-05-10,EQ_C,DAY,388
B0389,2026-05-10,EQ_A,SWING,389
B0390,2026-05-10,EQ_B,NIGHT,390
B0391,2026-05-11,EQ_C,DAY,391
B0392,2026-05-11,EQ_A,SWING,392
B0393,2026-05-11,EQ_B,NIGHT,393
B0394,2026-05-12,EQ_B,DAY,394
B0395,2026-05-12,EQ_A,SWING,395
B0396,2026-05-12,EQ_A,NIGHT,396
B0397,2026-05-13,EQ_A,DAY,397
B0398,2026-05-13,EQ_A,SWING,398
B0399,2026-05-13,EQ_B,NIGHT,399
B0400,2026-05-14,EQ_A,DAY,400
B0401,2026-05-14,EQ_A,SWING,401
B0402,2026-05-14,EQ_B,NIGHT,402
B0403,2026-05-15,EQ_A,DAY,403
B0404,2026-05-15,EQ_A,SWING,404
B0405,2026-05-15,EQ_B,NIGHT,405
B0406,2026-05-16,EQ_A,DAY,406
B0407,2026-05-16,EQ_A,SWING,407
B0408,2026-05-16,EQ_A,NIGHT,408
B0409,2026-05-17,EQ_C,DAY,409
B0410,2026-05-17,EQ_A,SWING,410
B0411,2026-05-17,EQ_B,NIGHT,411
B0412,2026-05-18,EQ_A,DAY,412
B0413,2026-05-18,EQ_B,SWING,413
B0414,2026-05-18,EQ_C,NIGHT,414
B0415,2026-05-19,EQ_A,DAY,415
B0416,2026-05-19,EQ_B,SWING,416
B0417,2026-05-19,EQ_C,NIGHT,417
B0418,2026-05-20,EQ_A,DAY,418
B0419,2026-05-20,EQ_B,SWING,419
B0420,2026-05-20,EQ_B,NIGHT,420
B0421,2026-05-21,EQ_B,DAY,421
B0422,2026-05-21,EQ_C,SWING,422
B0423,2026-05-21,EQ_A,NIGHT,423
B0424,2026-05-22,EQ_A,DAY,424
B0425,2026-05-22,EQ_A,SWING,425
B0426,2026-05-22,EQ_B,NIGHT,426
B0427,2026-05-23,EQ_A,DAY,427
B0428,2026-05-23,EQ_A,SWING,428
B0429,2026-05-23,EQ_C,NIGHT,429
B0430,2026-05-24,EQ_B,DAY,430
B0431,2026-05-24,EQ_C,SWING,431
B0432,2026-05-24,EQ_A,NIGHT,432
B0433,2026-05-25,EQ_B,DAY,433
B0434,2026-05-25,EQ_C,SWING,434
B0435,2026-05-25,EQ_C,NIGHT,435
B0436,2026-05-26,EQ_A,DAY,436
B0437,2026-05-26,EQ_C,SWING,437
B0438,2026-05-26,EQ_A,NIGHT,438
B0439,2026-05-27,EQ_C,DAY,439
B0440,2026-05-27,EQ_A,SWING,440
B0441,2026-05-27,EQ_B,NIGHT,441
B0442,2026-05-28,EQ_C,DAY,442
B0443,2026-05-28,EQ_A,SWING,443
B0444,2026-05-28,EQ_B,NIGHT,444
B0445,2026-05-29,EQ_C,DAY,445
B0446,2026-05-29,EQ_B,SWING,446
B0447,2026-05-29,EQ_B,NIGHT,447
B0448,2026-05-30,EQ_A,DAY,448
B0449,2026-05-30,EQ_A,SWING,449
B0450,2026-05-30,EQ_A,NIGHT,450
B0451,2026-05-31,EQ_B,DAY,451
B0452,2026-05-31,EQ_C,SWING,452
B0453,2026-05-31,EQ_C,NIGHT,453
B0454,2026-06-01,EQ_A,DAY,454
B0455,2026-06-01,EQ_B,SWING,455
B0456,2026-06-01,EQ_C,NIGHT,456
B0457,2026-06-02,EQ_A,DAY,457
B0458,2026-06-02,EQ_B,SWING,458
B0459,2026-06-02,EQ_A,NIGHT,459
B0460,2026-06-03,EQ_A,DAY,460
B0461,2026-06-03,EQ_B,SWING,461
B0462,2026-06-03,EQ_A,NIGHT,462
B0463,2026-06-04,EQ_C,DAY,463
B0464,2026-06-04,EQ_C,SWING,464
B0465,2026-06-04,EQ_B,NIGHT,465
B0466,2026-06-05,EQ_A,DAY,466
B0467,2026-06-05,EQ_B,SWING,467
B0468,2026-06-05,EQ_A,NIGHT,468
B0469,2026-06-06,EQ_A,DAY,469
B0470,2026-06-06,EQ_A,SWING,470
B0471,2026-06-06,EQ_A,NIGHT,471
B0472,2026-06-07,EQ_C,DAY,472
B0473,2026-06-07,EQ_A,SWING,473
B0474,2026-06-07,EQ_A,NIGHT,474
B0475,2026-06-08,EQ_B,DAY,475
B0476,2026-06-08,EQ_B,SWING,476
B0477,2026-06-08,EQ_C,NIGHT,477
B0478,2026-06-09,EQ_A,DAY,478
B0479,2026-06-09,EQ_B,SWING,479
B0480,2026-06-09,EQ_C,NIGHT,480
B0481,2026-06-10,EQ_A,DAY,481
B0482,2026-06-10,EQ_B,SWING,482
B0483,2026-06-10,EQ_C,NIGHT,483
B0484,2026-06-11,EQ_A,DAY,484
B0485,2026-06-11,EQ_A,SWING,485
B0486,2026-06-11,EQ_C,NIGHT,486
B0487,2026-06-12,EQ_B,DAY,487
B0488,2026-06-12,EQ_B,SWING,488
B0489,2026-06-12,EQ_A,NIGHT,489
B0490,2026-06-13,EQ_C,DAY,490
B0491,2026-06-13,EQ_C,SWING,491
B0492,2026-06-13,EQ_A,NIGHT,492
B0493,2026-06-14,EQ_A,DAY,493
B0494,2026-06-14,EQ_C,SWING,494
B0495,2026-06-14,EQ_A,NIGHT,495
B0496,2026-06-15,EQ_B,DAY,496
B0497,2026-06-15,EQ_C,SWING,497
B0498,2026-06-15,EQ_C,NIGHT,498
B0499,2026-06-16,EQ_B,DAY,499
B0500,2026-06-16,EQ_C,SWING,500
B0501,2026-06-16,EQ_C,NIGHT,501
B0502,2026-06-17,EQ_A,DAY,502
B0503,2026-06-17,EQ_A,SWING,503
B0504,2026-06-17,EQ_C,NIGHT,504
B0505,2026-06-18,EQ_C,DAY,505
B0506,2026-06-18,EQ_C,SWING,506
B0507,2026-06-18,EQ_C,NIGHT,507
B0508,2026-06-19,EQ_C,DAY,508
B0509,2026-06-19,EQ_B,SWING,509
B0510,2026-06-19,EQ_A,NIGHT,510
B0511,2026-06-20,EQ_A,DAY,511
B0512,2026-06-20,EQ_B,SWING,512
B0513,2026-06-20,EQ_A,NIGHT,513
B0514,2026-06-21,EQ_A,DAY,514
B0515,2026-06-21,EQ_A,SWING,515
B0516,2026-06-21,EQ_C,NIGHT,516
B0517,2026-06-22,EQ_B,DAY,517
B0518,2026-06-22,EQ_B,SWING,518
B0519,2026-06-22,EQ_C,NIGHT,519
B0520,2026-06-23,EQ_A,DAY,520
B0521,2026-06-23,EQ_B,SWING,521
B0522,2026-06-23,EQ_C,NIGHT,522
B0523,2026-06-24,EQ_A,DAY,523
B0524,2026-06-24,EQ_C,SWING,524
B0525,2026-06-24,EQ_C,NIGHT,525
B0526,2026-06-25,EQ_B,DAY,526
B0527,2026-06-25,EQ_C,SWING,527
B0528,2026-06-25,EQ_C,NIGHT,528
B0529,2026-06-26,EQ_C,DAY,529
B0530,2026-06-26,EQ_B,SWING,530
B0531,2026-06-26,EQ_A,NIGHT,531
B0532,2026-06-27,EQ_A,DAY,532
B0533,2026-06-27,EQ_B,SWING,533
B0534,2026-06-27,EQ_B,NIGHT,534
B0535,2026-06-28,EQ_B,DAY,535
B0536,2026-06-28,EQ_C,SWING,536
B0537,2026-06-28,EQ_A,NIGHT,537
B0538,2026-06-29,EQ_B,DAY,538
B0539,2026-06-29,EQ_B,SWING,539
B0540,2026-06-29,EQ_B,NIGHT,540
B0541,2026-06-30,EQ_C,DAY,541
B0542,2026-06-30,EQ_C,SWING,542
B0543,2026-06-30,EQ_C,NIGHT,543
B0544,2026-07-01,EQ_B,DAY,544
B0545,2026-07-01,EQ_B,SWING,545
B0546,2026-07-01,EQ_C,NIGHT,546
B0547,2026-07-02,EQ_B,DAY,547
B0548,2026-07-02,EQ_A,SWING,548
B0549,2026-07-02,EQ_A,NIGHT,549
B0550,2026-07-03,EQ_C,DAY,550
B0551,2026-07-03,EQ_C,SWING,551
B0552,2026-07-03,EQ_B,NIGHT,552
B0553,2026-07-04,EQ_B,DAY,553
B0554,2026-07-04,EQ_A,SWING,554
B0555,2026-07-04,EQ_B,NIGHT,555
B0556,2026-07-05,EQ_A,DAY,556
B0557,2026-07-05,EQ_A,SWING,557
B0558,2026-07-05,EQ_B,NIGHT,558
B0559,2026-07-06,EQ_B,DAY,559
B0560,2026-07-06,EQ_C,SWING,560
B0561,2026-07-06,EQ_B,NIGHT,561
B0562,2026-07-07,EQ_A,DAY,562
B0563,2026-07-07,EQ_A,SWING,563
B0564,2026-07-07,EQ_B,NIGHT,564
B0565,2026-07-08,EQ_C,DAY,565
B0566,2026-07-08,EQ_C,SWING,566
B0567,2026-07-08,EQ_B,NIGHT,567
B0568,2026-07-09,EQ_C,DAY,568
B0569,2026-07-09,EQ_A,SWING,569
B0570,2026-07-09,EQ_C,NIGHT,570
B0571,2026-07-10,EQ_B,DAY,571
B0572,2026-07-10,EQ_B,SWING,572
B0573,2026-07-10,EQ_B,NIGHT,573
B0574,2026-07-11,EQ_B,DAY,574
B0575,2026-07-11,EQ_C,SWING,575
B0576,2026-07-11,EQ_A,NIGHT,576
B0577,2026-07-12,EQ_A,DAY,577
B0578,2026-07-12,EQ_C,SWING,578
B0579,2026-07-12,EQ_C,NIGHT,579
B0580,2026-07-13,EQ_A,DAY,580
B0581,2026-07-13,EQ_B,SWING,581
B0582,2026-07-13,EQ_A,NIGHT,582
B0583,2026-07-14,EQ_A,DAY,583
B0584,2026-07-14,EQ_A,SWING,584
B0585,2026-07-14,EQ_A,NIGHT,585
B0586,2026-07-15,EQ_C,DAY,586
B0587,2026-07-15,EQ_A,SWING,587
B0588,2026-07-15,EQ_A,NIGHT,588
B0589,2026-07-16,EQ_C,DAY,589
B0590,2026-07-16,EQ_A,SWING,590
B0591,2026-07-16,EQ_A,NIGHT,591
B0592,2026-07-17,EQ_A,DAY,592
B0593,2026-07-17,EQ_B,SWING,593
B0594,2026-07-17,EQ_A,NIGHT,594
B0595,2026-07-18,EQ_A,DAY,595
B0596,2026-07-18,EQ_C,SWING,596
B0597,2026-07-18,EQ_B,NIGHT,597
B0598,2026-07-19,EQ_B,DAY,598
B0599,2026-07-19,EQ_A,SWING,599
B0600,2026-07-19,EQ_B,NIGHT,600
B0601,2026-07-20,EQ_A,DAY,601
B0602,2026-07-20,EQ_B,SWING,602
B0603,2026-07-20,EQ_C,NIGHT,603
B0604,2026-07-21,EQ_B,DAY,604
B0605,2026-07-21,EQ_B,SWING,605
B0606,2026-07-21,EQ_A,NIGHT,606
B0607,2026-07-22,EQ_C,DAY,607
B0608,2026-07-22,EQ_C,SWING,608
B0609,2026-07-22,EQ_C,NIGHT,609
B0610,2026-07-23,EQ_C,DAY,610
B0611,2026-07-23,EQ_B,SWING,611
B0612,2026-07-23,EQ_A,NIGHT,612
B0613,2026-07-24,EQ_B,DAY,613
B0614,2026-07-24,EQ_B,SWING,614
B0615,2026-07-24,EQ_C,NIGHT,615
B0616,2026-07-25,EQ_C,DAY,616
B0617,2026-07-25,EQ_C,SWING,617
B0618,2026-07-25,EQ_A,NIGHT,618
B0619,2026-07-26,EQ_C,DAY,619
B0620,2026-07-26,EQ_B,SWING,620
B0621,2026-07-26,EQ_B,NIGHT,621
B0622,2026-07-27,EQ_B,DAY,622
B0623,2026-07-27,EQ_B,SWING,623
B0624,2026-07-27,EQ_C,NIGHT,624
B0625,2026-07-28,EQ_A,DAY,625
B0626,2026-07-28,EQ_A,SWING,626
B0627,2026-07-28,EQ_C,NIGHT,627
B0628,2026-07-29,EQ_B,DAY,628
B0629,2026-07-29,EQ_A,SWING,629
B0630,2026-07-29,EQ_C,NIGHT,630
B0631,2026-07-30,EQ_C,DAY,631
B0632,2026-07-30,EQ_B,SWING,632
B0633,2026-07-30,EQ_B,NIGHT,633
B0634,2026-07-31,EQ_C,DAY,634
B0635,2026-07-31,EQ_B,SWING,635
B0636,2026-07-31,EQ_C,NIGHT,636
B0637,2026-08-01,EQ_B,DAY,637
B0638,2026-08-01,EQ_C,SWING,638
B0639,2026-08-01,EQ_C,NIGHT,639
B0640,2026-08-02,EQ_C,DAY,640
B0641,2026-08-02,EQ_B,SWING,641
B0642,2026-08-02,EQ_B,NIGHT,642
B0643,2026-08-03,EQ_A,DAY,643
B0644,2026-08-03,EQ_C,SWING,644
B0645,2026-08-03,EQ_C,NIGHT,645
B0646,2026-08-04,EQ_B,DAY,646
B0647,2026-08-04,EQ_C,SWING,647
B0648,2026-08-04,EQ_A,NIGHT,648
B0649,2026-08-05,EQ_A,DAY,649
B0650,2026-08-05,EQ_A,SWING,650
B0651,2026-08-05,EQ_B,NIGHT,651
B0652,2026-08-06,EQ_A,DAY,652
B0653,2026-08-06,EQ_B,SWING,653
B0654,2026-08-06,EQ_B,NIGHT,654
B0655,2026-08-07,EQ_A,DAY,655
B0656,2026-08-07,EQ_B,SWING,656
B0657,2026-08-07,EQ_B,NIGHT,657
B0658,2026-08-08,EQ_C,DAY,658
B0659,2026-08-08,EQ_C,SWING,659
B0660,2026-08-08,EQ_B,NIGHT,660
B0661,2026-08-09,EQ_C,DAY,661
B0662,2026-08-09,EQ_B,SWING,662
B0663,2026-08-09,EQ_A,NIGHT,663
B0664,2026-08-10,EQ_C,DAY,664
B0665,2026-08-10,EQ_B,SWING,665
B0666,2026-08-10,EQ_B,NIGHT,666
B0667,2026-08-11,EQ_A,DAY,667
B0668,2026-08-11,EQ_A,SWING,668
B0669,2026-08-11,EQ_C,NIGHT,669
B0670,2026-08-12,EQ_B,DAY,670
B0671,2026-08-12,EQ_B,SWING,671
B0672,2026-08-12,EQ_B,NIGHT,672
B0673,2026-08-13,EQ_B,DAY,673
B0674,2026-08-13,EQ_A,SWING,674
B0675,2026-08-13,EQ_B,NIGHT,675
B0676,2026-08-14,EQ_C,DAY,676
B0677,2026-08-14,EQ_A,SWING,677
B0678,2026-08-14,EQ_B,NIGHT,678
B0679,2026-08-15,EQ_A,DAY,679
B0680,2026-08-15,EQ_C,SWING,680
B0681,2026-08-15,EQ_A,NIGHT,681
B0682,2026-08-16,EQ_A,DAY,682
B0683,2026-08-16,EQ_A,SWING,683
B0684,2026-08-16,EQ_C,NIGHT,684
B0685,2026-08-17,EQ_A,DAY,685
B0686,2026-08-17,EQ_B,SWING,686
B0687,2026-08-17,EQ_C,NIGHT,687
B0688,2026-08-18,EQ_A,DAY,688
B0689,2026-08-18,EQ_A,SWING,689
B0690,2026-08-18,EQ_B,NIGHT,690
B0691,2026-08-19,EQ_A,DAY,691
B0692,2026-08-19,EQ_C,SWING,692
B0693,2026-08-19,EQ_B,NIGHT,693
B0694,2026-08-20,EQ_A,DAY,694
B0695,2026-08-20,EQ_C,SWING,695
B0696,2026-08-20,EQ_C,NIGHT,696
B0697,2026-08-21,EQ_B,DAY,697
B0698,2026-08-21,EQ_A,SWING,698
B0699,2026-08-21,EQ_C,NIGHT,699
B0700,2026-08-22,EQ_C,DAY,700
B0701,2026-08-22,EQ_C,SWING,701
B0702,2026-08-22,EQ_A,NIGHT,702
B0703,2026-08-23,EQ_B,DAY,703
B0704,2026-08-23,EQ_A,SWING,704
B0705,2026-08-23,EQ_C,NIGHT,705
B0706,2026-08-24,EQ_A,DAY,706
B0707,2026-08-24,EQ_A,SWING,707
B0708,2026-08-24,EQ_A,NIGHT,708
B0709,2026-08-25,EQ_B,DAY,709
B0710,2026-08-25,EQ_A,SWING,710
B0711,2026-08-25,EQ_B,NIGHT,711
B0712,2026-08-26,EQ_A,DAY,712
B0713,2026-08-26,EQ_A,SWING,713
B0714,2026-08-26,EQ_A,NIGHT,714
B0715,2026-08-27,EQ_A,DAY,715
B0716,2026-08-27,EQ_A,SWING,716
B0717,2026-08-27,EQ_A,NIGHT,717
B0718,2026-08-28,EQ_A,DAY,718
B0719,2026-08-28,EQ_A,SWING,719
B0720,2026-08-28,EQ_C,NIGHT,720
B0721,2026-08-29,EQ_A,DAY,721
B0722,2026-08-29,EQ_B,SWING,722
B0723,2026-08-29,EQ_B,NIGHT,723
B0724,2026-08-30,EQ_A,DAY,724
B0725,2026-08-30,EQ_B,SWING,725
B0726,2026-08-30,EQ_B,NIGHT,726
B0727,2026-08-31,EQ_C,DAY,727
B0728,2026-08-31,EQ_C,SWING,728
B0729,2026-08-31,EQ_C,NIGHT,729
B0730,2026-09-01,EQ_A,DAY,730
B0731,2026-09-01,EQ_C,SWING,731
B0732,2026-09-01,EQ_B,NIGHT,732
B0733,2026-09-02,EQ_B,DAY,733
B0734,2026-09-02,EQ_A,SWING,734
B0735,2026-09-02,EQ_B,NIGHT,735
B0736,2026-09-03,EQ_C,DAY,736
B0737,2026-09-03,EQ_B,SWING,737
B0738,2026-09-03,EQ_B,NIGHT,738
B0739,2026-09-04,EQ_B,DAY,739
B0740,2026-09-04,EQ_B,SWING,740
B0741,2026-09-04,EQ_C,NIGHT,741
B0742,2026-09-05,EQ_A,DAY,742
B0743,2026-09-05,EQ_A,SWING,743
B0744,2026-09-05,EQ_A,NIGHT,744
B0745,2026-09-06,EQ_B,DAY,745
B0746,2026-09-06,EQ_B,SWING,746
B0747,2026-09-06,EQ_B,NIGHT,747
B0748,2026-09-07,EQ_B,DAY,748
B0749,2026-09-07,EQ_C,SWING,749
B0750,2026-09-07,EQ_C,NIGHT,750
B0751,2026-09-08,EQ_C,DAY,751
B0752,2026-09-08,EQ_C,SWING,752
B0753,2026-09-08,EQ_C,NIGHT,753
B0754,2026-09-09,EQ_B,DAY,754
B0755,2026-09-09,EQ_A,SWING,755
B0756,2026-09-09,EQ_A,NIGHT,756
B0757,2026-09-10,EQ_A,DAY,757
B0758,2026-09-10,EQ_C,SWING,758
B0759,2026-09-10,EQ_C,NIGHT,759
B0760,2026-09-11,EQ_C,DAY,760
B0761,2026-09-11,EQ_A,SWING,761
B0762,2026-09-11,EQ_A,NIGHT,762
B0763,2026-09-12,EQ_B,DAY,763
B0764,2026-09-12,EQ_A,SWING,764
B0765,2026-09-12,EQ_B,NIGHT,765
B0766,2026-09-13,EQ_C,DAY,766
B0767,2026-09-13,EQ_B,SWING,767
B0768,2026-09-13,EQ_C,NIGHT,768
B0769,2026-09-14,EQ_A,DAY,769
B0770,2026-09-14,EQ_C,SWING,770
B0771,2026-09-14,EQ_C,NIGHT,771
B0772,2026-09-15,EQ_C,DAY,772
B0773,2026-09-15,EQ_B,SWING,773
B0774,2026-09-15,EQ_B,NIGHT,774
B0775,2026-09-16,EQ_A,DAY,775
B0776,2026-09-16,EQ_C,SWING,776
B0777,2026-09-16,EQ_C,NIGHT,777
B0778,2026-09-17,EQ_B,DAY,778
B0779,2026-09-17,EQ_C,SWING,779
B0780,2026-09-17,EQ_C,NIGHT,780
B0781,2026-09-18,EQ_C,DAY,781
B0782,2026-09-18,EQ_A,SWING,782
B0783,2026-09-18,EQ_A,NIGHT,783
B0784,2026-09-19,EQ_C,DAY,784
B0785,2026-09-19,EQ_A,SWING,785
B0786,2026-09-19,EQ_A,NIGHT,786
B0787,2026-09-20,EQ_B,DAY,787
B0788,2026-09-20,EQ_B,SWING,788
B0789,2026-09-20,EQ_C,NIGHT,789
B0790,2026-09-21,EQ_A,DAY,790
B0791,2026-09-21,EQ_A,SWING,791
B0792,2026-09-21,EQ_A,NIGHT,792
B0793,2026-09-22,EQ_A,DAY,793
B0794,2026-09-22,EQ_B,SWING,794
B0795,2026-09-22,EQ_A,NIGHT,795
B0796,2026-09-23,EQ_B,DAY,796
B0797,2026-09-23,EQ_C,SWING,797
B0798,2026-09-23,EQ_A,NIGHT,798
B0799,2026-09-24,EQ_B,DAY,799
B0800,2026-09-24,EQ_A,SWING,800
